city,period_month,year_start,year_end,sample_years,temperature_mean_c,daily_max_temperature_mean_c,apparent_temperature_mean_c,relative_humidity_mean_pct,precipitation_days_mean,heavy_rain_days_mean,extreme_rain_days_mean,hot_days_mean,cold_days_mean,windy_days_mean,snow_days_mean,missing_rate,source_product,source_model,spatial_resolution,spatial_method
Beijing,0,2000,2025,26,11.6886,18.7612,8.5079,53.4603,69.1923,5.9615,0.5769,21.8077,139.0769,9.3077,3.0385,0.0,NASA POWER Daily API,NASA POWER / MERRA-2,0.5 degree latitude x 0.625 degree longitude (~50 km),source-native model grid cell containing city-centre coordinates
Shanghai,0,2000,2025,26,17.1029,21.2463,15.5157,78.4109,139.3462,16.0,1.7692,7.9615,27.3462,20.1538,0.1923,0.0,NASA POWER Daily API,NASA POWER / MERRA-2,0.5 degree latitude x 0.625 degree longitude (~50 km),source-native model grid cell containing city-centre coordinates
Guangzhou,0,2000,2025,26,22.7262,27.7974,23.9622,77.8851,156.3077,25.5385,3.1154,4.0,0.3846,2.6923,0.0,0.0,NASA POWER Daily API,NASA POWER / MERRA-2,0.5 degree latitude x 0.625 degree longitude (~50 km),source-native model grid cell containing city-centre coordinates
Shenzhen,0,2000,2025,26,23.5758,25.9752,24.5373,80.1655,145.3462,22.1538,2.8846,0.0,0.0,8.6923,0.0,0.0,NASA POWER Daily API,NASA POWER / MERRA-2,0.5 degree latitude x 0.625 degree longitude (~50 km),source-native model grid cell containing city-centre coordinates
Hangzhou,0,2000,2025,26,16.7594,22.0958,16.1949,78.9139,148.4615,17.4231,1.7308,15.6154,46.2692,2.5769,1.8462,0.0,NASA POWER Daily API,NASA POWER / MERRA-2,0.5 degree latitude x 0.625 degree longitude (~50 km),source-native model grid cell containing city-centre coordinates
Nanjing,0,2000,2025,26,16.2226,21.676,14.9888,75.8628,115.6538,15.3462,2.4615,15.2308,61.1154,5.4231,1.7692,0.0,NASA POWER Daily API,NASA POWER / MERRA-2,0.5 degree latitude x 0.625 degree longitude (~50 km),source-native model grid cell containing city-centre coordinates
Suzhou,0,2000,2025,26,16.5718,21.624,15.3798,78.1772,133.3077,13.8077,1.5385,12.2692,47.1538,7.1154,0.7308,0.0,NASA POWER Daily API,NASA POWER / MERRA-2,0.5 degree latitude x 0.625 degree longitude (~50 km),source-native model grid cell containing city-centre coordinates
Qingdao,0,2000,2025,26,13.7768,16.0432,11.0502,75.5061,81.9231,10.1538,1.7692,0.0,39.3462,25.6538,0.4615,0.0,NASA POWER Daily API,NASA POWER / MERRA-2,0.5 degree latitude x 0.625 degree longitude (~50 km),source-native model grid cell containing city-centre coordinates
Dalian,0,2000,2025,26,11.6266,13.632,7.9575,74.1109,73.8462,9.7692,1.8846,0.0,79.2692,49.0769,2.9231,0.0,NASA POWER Daily API,NASA POWER / MERRA-2,0.5 degree latitude x 0.625 degree longitude (~50 km),source-native model grid cell containing city-centre coordinates
Tianjin,0,2000,2025,26,12.1001,18.9606,9.2888,59.9807,65.8077,8.2308,1.1538,21.9615,136.4615,6.1154,3.0769,0.0,NASA POWER Daily API,NASA POWER / MERRA-2,0.5 degree latitude x 0.625 degree longitude (~50 km),source-native model grid cell containing city-centre coordinates
Chengdu,0,2000,2025,26,17.6038,23.3522,17.0534,71.868,156.4231,7.6923,0.4231,18.0,20.8462,4.9615,0.1154,0.0,NASA POWER Daily API,NASA POWER / MERRA-2,0.5 degree latitude x 0.625 degree longitude (~50 km),source-native model grid cell containing city-centre coordinates
Chongqing,0,2000,2025,26,17.4086,22.3555,17.2551,77.3311,159.8846,13.0769,0.8846,9.6923,14.8846,0.3846,0.0769,0.0,NASA POWER Daily API,NASA POWER / MERRA-2,0.5 degree latitude x 0.625 degree longitude (~50 km),source-native model grid cell containing city-centre coordinates
Wuhan,0,2000,2025,26,17.828,22.3846,17.1705,74.2815,129.6923,17.7692,2.5769,13.8077,30.7308,6.8462,1.2308,0.0,NASA POWER Daily API,NASA POWER / MERRA-2,0.5 degree latitude x 0.625 degree longitude (~50 km),source-native model grid cell containing city-centre coordinates
Changsha,0,2000,2025,26,18.0824,23.1885,18.0033,79.2935,163.8462,19.8077,1.7692,7.6538,26.5385,2.5769,1.5,0.0,NASA POWER Daily API,NASA POWER / MERRA-2,0.5 degree latitude x 0.625 degree longitude (~50 km),source-native model grid cell containing city-centre coordinates
Xian,0,2000,2025,26,14.5883,21.0206,12.8003,60.546,99.3462,6.9231,0.1538,30.5,90.9231,0.4231,3.8846,0.0,NASA POWER Daily API,NASA POWER / MERRA-2,0.5 degree latitude x 0.625 degree longitude (~50 km),source-native model grid cell containing city-centre coordinates
Zhengzhou,0,2000,2025,26,15.1621,21.6524,12.9467,62.871,80.7692,9.6923,1.0385,35.7308,93.4231,7.5385,4.4615,0.0,NASA POWER Daily API,NASA POWER / MERRA-2,0.5 degree latitude x 0.625 degree longitude (~50 km),source-native model grid cell containing city-centre coordinates
Jinan,0,2000,2025,26,13.1794,19.4923,10.613,64.8213,81.5,10.3846,1.5385,16.3462,115.8462,8.2308,4.1538,0.0,NASA POWER Daily API,NASA POWER / MERRA-2,0.5 degree latitude x 0.625 degree longitude (~50 km),source-native model grid cell containing city-centre coordinates
Hefei,0,2000,2025,26,16.2349,21.7766,15.0163,74.7606,117.5,14.9231,1.5769,16.4615,62.2308,4.6923,2.3077,0.0,NASA POWER Daily API,NASA POWER / MERRA-2,0.5 degree latitude x 0.625 degree longitude (~50 km),source-native model grid cell containing city-centre coordinates
Fuzhou,0,2000,2025,26,19.2949,23.27,19.3868,83.8346,162.1923,18.7692,2.5385,0.5769,1.5385,2.9231,0.0,0.0,NASA POWER Daily API,NASA POWER / MERRA-2,0.5 degree latitude x 0.625 degree longitude (~50 km),source-native model grid cell containing city-centre coordinates
Xiamen,0,2000,2025,26,21.2634,24.8629,21.0604,80.7419,148.4615,18.0,2.5385,0.2692,0.0385,14.1923,0.0,0.0,NASA POWER Daily API,NASA POWER / MERRA-2,0.5 degree latitude x 0.625 degree longitude (~50 km),source-native model grid cell containing city-centre coordinates
Kunming,0,2000,2025,26,15.3738,22.1222,13.065,71.8889,124.5385,6.0769,0.1538,0.0,9.4615,5.2308,0.1154,0.0,NASA POWER Daily API,NASA POWER / MERRA-2,0.5 degree latitude x 0.625 degree longitude (~50 km),source-native model grid cell containing city-centre coordinates
Guiyang,0,2000,2025,26,14.7386,20.0321,12.9817,82.4887,160.4231,12.2308,0.5769,0.0,38.1154,6.4231,1.7308,0.0,NASA POWER Daily API,NASA POWER / MERRA-2,0.5 degree latitude x 0.625 degree longitude (~50 km),source-native model grid cell containing city-centre coordinates
Nanning,0,2000,2025,26,21.8106,27.1543,22.4794,77.5517,165.1154,16.1923,1.6538,11.3077,0.9615,3.1538,0.0385,0.0,NASA POWER Daily API,NASA POWER / MERRA-2,0.5 degree latitude x 0.625 degree longitude (~50 km),source-native model grid cell containing city-centre coordinates
Haikou,0,2000,2025,26,24.8199,27.5867,26.4093,82.3269,181.6923,20.6154,4.1923,3.5,0.0,8.4231,0.0,0.0,NASA POWER Daily API,NASA POWER / MERRA-2,0.5 degree latitude x 0.625 degree longitude (~50 km),source-native model grid cell containing city-centre coordinates
Sanya,0,2000,2025,26,24.1222,28.5136,26.9751,83.6994,164.4615,25.5,6.2692,1.2308,0.0,0.1538,0.0,0.0,NASA POWER Daily API,NASA POWER / MERRA-2,0.5 degree latitude x 0.625 degree longitude (~50 km),source-native model grid cell containing city-centre coordinates
Harbin,0,2000,2025,26,4.2217,10.1536,0.0273,71.4319,84.4231,4.0,0.2692,2.5,184.5,15.6154,10.0769,0.0,NASA POWER Daily API,NASA POWER / MERRA-2,0.5 degree latitude x 0.625 degree longitude (~50 km),source-native model grid cell containing city-centre coordinates
Changchun,0,2000,2025,26,5.3806,11.3609,1.2296,71.4445,92.1154,6.1538,0.6154,1.3462,178.5769,25.9231,12.7308,0.0,NASA POWER Daily API,NASA POWER / MERRA-2,0.5 degree latitude x 0.625 degree longitude (~50 km),source-native model grid cell containing city-centre coordinates
Shenyang,0,2000,2025,26,8.0298,14.4263,4.2567,66.7823,83.6154,7.1154,0.8077,5.1923,163.2692,21.3462,8.5,0.0,NASA POWER Daily API,NASA POWER / MERRA-2,0.5 degree latitude x 0.625 degree longitude (~50 km),source-native model grid cell containing city-centre coordinates
Hohhot,0,2000,2025,26,4.6112,11.6221,-0.3381,56.3945,61.8077,3.0385,0.2308,0.3077,195.7692,30.3077,6.2692,0.0,NASA POWER Daily API,NASA POWER / MERRA-2,0.5 degree latitude x 0.625 degree longitude (~50 km),source-native model grid cell containing city-centre coordinates
Urumqi,0,2000,2025,26,10.8778,17.1933,6.9554,46.438,54.0385,1.1154,0.0,27.6154,133.4615,6.5,12.5769,0.0,NASA POWER Daily API,NASA POWER / MERRA-2,0.5 degree latitude x 0.625 degree longitude (~50 km),source-native model grid cell containing city-centre coordinates
Lanzhou,0,2000,2025,26,7.8455,15.1642,4.1865,57.4159,93.5,0.9615,0.0,0.4615,163.1923,4.3846,5.6923,0.0,NASA POWER Daily API,NASA POWER / MERRA-2,0.5 degree latitude x 0.625 degree longitude (~50 km),source-native model grid cell containing city-centre coordinates
Xining,0,2000,2025,26,5.2901,13.1739,1.4324,55.9169,92.9615,2.0,0.0,0.0385,196.0385,4.1538,5.5385,0.0,NASA POWER Daily API,NASA POWER / MERRA-2,0.5 degree latitude x 0.625 degree longitude (~50 km),source-native model grid cell containing city-centre coordinates
Yinchuan,0,2000,2025,26,9.6196,16.7444,5.3694,46.1193,39.3846,1.3462,0.1154,10.8077,154.6538,16.4615,1.8077,0.0,NASA POWER Daily API,NASA POWER / MERRA-2,0.5 degree latitude x 0.625 degree longitude (~50 km),source-native model grid cell containing city-centre coordinates
Lhasa,0,2000,2025,26,4.5087,11.8359,0.1575,45.7953,82.1923,1.1923,0.0,0.0,210.3077,2.7692,1.1538,0.0,NASA POWER Daily API,NASA POWER / MERRA-2,0.5 degree latitude x 0.625 degree longitude (~50 km),source-native model grid cell containing city-centre coordinates
Taiyuan,0,2000,2025,26,8.7214,15.9513,4.9791,57.5297,72.0,4.4615,0.2308,3.1538,162.4231,14.5,5.0385,0.0,NASA POWER Daily API,NASA POWER / MERRA-2,0.5 degree latitude x 0.625 degree longitude (~50 km),source-native model grid cell containing city-centre coordinates
Shijiazhuang,0,2000,2025,26,13.8751,20.7119,11.3058,54.0546,72.5385,6.0769,0.6154,40.6923,113.5,3.1923,3.5769,0.0,NASA POWER Daily API,NASA POWER / MERRA-2,0.5 degree latitude x 0.625 degree longitude (~50 km),source-native model grid cell containing city-centre coordinates
Ningbo,0,2000,2025,26,17.0859,21.5768,16.2668,80.6812,150.1538,17.5769,1.8462,8.2308,26.4231,6.0,0.3462,0.0,NASA POWER Daily API,NASA POWER / MERRA-2,0.5 degree latitude x 0.625 degree longitude (~50 km),source-native model grid cell containing city-centre coordinates
Wenzhou,0,2000,2025,26,17.7037,22.0523,17.6662,82.75,166.1538,20.0,2.2308,0.2692,16.8462,3.5385,0.1154,0.0,NASA POWER Daily API,NASA POWER / MERRA-2,0.5 degree latitude x 0.625 degree longitude (~50 km),source-native model grid cell containing city-centre coordinates
Zhuhai,0,2000,2025,26,23.5758,25.9752,24.5373,80.1655,145.3462,22.1538,2.8846,0.0,0.0,8.6923,0.0,0.0,NASA POWER Daily API,NASA POWER / MERRA-2,0.5 degree latitude x 0.625 degree longitude (~50 km),source-native model grid cell containing city-centre coordinates
Hong Kong,0,2000,2025,26,23.415,26.2906,24.2165,79.4347,153.2692,19.3846,3.5385,0.0385,0.0,9.1154,0.0,0.0,NASA POWER Daily API,NASA POWER / MERRA-2,0.5 degree latitude x 0.625 degree longitude (~50 km),source-native model grid cell containing city-centre coordinates
Macau,0,2000,2025,26,24.0775,24.8837,24.8012,82.3561,153.0385,23.0,5.3846,0.0,0.0,26.0769,0.0,0.0,NASA POWER Daily API,NASA POWER / MERRA-2,0.5 degree latitude x 0.625 degree longitude (~50 km),source-native model grid cell containing city-centre coordinates
Taipei,0,2000,2025,26,23.1019,24.6143,23.3429,83.0151,221.1923,21.3077,3.5385,0.0,0.0,27.5769,0.0,0.0,NASA POWER Daily API,NASA POWER / MERRA-2,0.5 degree latitude x 0.625 degree longitude (~50 km),source-native model grid cell containing city-centre coordinates
Mohe,0,2000,2025,26,-2.9593,2.517,-6.391,83.5371,95.2308,3.5769,0.0,0.6154,225.0,0.0,23.8462,0.0,NASA POWER Daily API,NASA POWER / MERRA-2,0.5 degree latitude x 0.625 degree longitude (~50 km),source-native model grid cell containing city-centre coordinates
Heihe,0,2000,2025,26,0.523,6.1903,-3.2609,78.1138,96.3846,4.0,0.0769,0.8077,202.9231,0.6923,18.7308,0.0,NASA POWER Daily API,NASA POWER / MERRA-2,0.5 degree latitude x 0.625 degree longitude (~50 km),source-native model grid cell containing city-centre coordinates
Hulunbuir,0,2000,2025,26,-0.1803,5.5725,-5.2657,72.8311,76.0385,2.5385,0.1538,0.9615,214.2692,18.3462,14.5385,0.0,NASA POWER Daily API,NASA POWER / MERRA-2,0.5 degree latitude x 0.625 degree longitude (~50 km),source-native model grid cell containing city-centre coordinates
Genhe,0,2000,2025,26,-3.061,2.4678,-7.2762,80.9451,91.9615,3.2692,0.0769,0.1538,232.7692,0.1923,21.1538,0.0,NASA POWER Daily API,NASA POWER / MERRA-2,0.5 degree latitude x 0.625 degree longitude (~50 km),source-native model grid cell containing city-centre coordinates
Altay,0,2000,2025,26,0.2688,6.0477,-4.4051,61.503,76.2692,0.2308,0.0,0.0,217.2692,2.3846,36.3846,0.0,NASA POWER Daily API,NASA POWER / MERRA-2,0.5 degree latitude x 0.625 degree longitude (~50 km),source-native model grid cell containing city-centre coordinates
New York,0,2000,2025,26,12.3511,14.9457,8.9814,80.3914,130.7308,18.1538,1.9231,0.0,53.0,39.5,4.4231,0.0,NASA POWER Daily API,NASA POWER / MERRA-2,0.5 degree latitude x 0.625 degree longitude (~50 km),source-native model grid cell containing city-centre coordinates
Boston,0,2000,2025,26,9.6628,14.5291,7.5697,80.184,130.5769,15.4231,1.4231,1.0385,124.1538,0.0,16.5769,0.0,NASA POWER Daily API,NASA POWER / MERRA-2,0.5 degree latitude x 0.625 degree longitude (~50 km),source-native model grid cell containing city-centre coordinates
San Francisco,0,2000,2025,26,13.6327,18.7219,11.1536,77.1333,61.8077,6.5,0.5385,0.3846,0.2692,2.0385,0.0,0.0,NASA POWER Daily API,NASA POWER / MERRA-2,0.5 degree latitude x 0.625 degree longitude (~50 km),source-native model grid cell containing city-centre coordinates
Los Angeles,0,2000,2025,26,17.38,23.7946,15.1366,57.3387,33.2308,5.3077,0.7692,6.3462,0.1538,2.1154,0.0,0.0,NASA POWER Daily API,NASA POWER / MERRA-2,0.5 degree latitude x 0.625 degree longitude (~50 km),source-native model grid cell containing city-centre coordinates
Seattle,0,2000,2025,26,10.4701,14.667,8.6971,83.5956,168.4615,9.3846,0.3846,0.1538,30.2308,0.0769,2.4231,0.0,NASA POWER Daily API,NASA POWER / MERRA-2,0.5 degree latitude x 0.625 degree longitude (~50 km),source-native model grid cell containing city-centre coordinates
Toronto,0,2000,2025,26,9.3361,12.1848,5.0597,78.0959,165.1538,1.3846,0.0,0.0,100.0769,53.6923,23.6923,0.0,NASA POWER Daily API,NASA POWER / MERRA-2,0.5 degree latitude x 0.625 degree longitude (~50 km),source-native model grid cell containing city-centre coordinates
Vancouver,0,2000,2025,26,6.9978,10.0158,4.7535,85.3009,196.6923,31.2692,2.6154,0.0769,96.5769,0.0,25.0769,0.0,NASA POWER Daily API,NASA POWER / MERRA-2,0.5 degree latitude x 0.625 degree longitude (~50 km),source-native model grid cell containing city-centre coordinates
London,0,2000,2025,26,10.5226,14.675,6.697,84.6025,143.4615,1.3462,0.0,0.0,40.6154,37.4231,1.6538,0.0,NASA POWER Daily API,NASA POWER / MERRA-2,0.5 degree latitude x 0.625 degree longitude (~50 km),source-native model grid cell containing city-centre coordinates
Paris,0,2000,2025,26,11.1109,15.8906,7.7828,81.4363,133.5769,1.3462,0.0385,0.6154,53.4231,19.2692,2.9231,0.0,NASA POWER Daily API,NASA POWER / MERRA-2,0.5 degree latitude x 0.625 degree longitude (~50 km),source-native model grid cell containing city-centre coordinates
Berlin,0,2000,2025,26,9.8886,14.3924,6.1173,79.6867,130.2692,1.7308,0.0385,1.3846,87.0385,18.5769,10.9231,0.0,NASA POWER Daily API,NASA POWER / MERRA-2,0.5 degree latitude x 0.625 degree longitude (~50 km),source-native model grid cell containing city-centre coordinates
Amsterdam,0,2000,2025,26,10.637,13.4564,6.4937,84.7706,160.1923,1.6538,0.0,0.0,29.2308,48.6923,1.9615,0.0,NASA POWER Daily API,NASA POWER / MERRA-2,0.5 degree latitude x 0.625 degree longitude (~50 km),source-native model grid cell containing city-centre coordinates
Zurich,0,2000,2025,26,9.2653,13.4512,6.687,82.5765,180.0,10.3077,0.1538,0.0,93.1154,6.8462,18.3846,0.0,NASA POWER Daily API,NASA POWER / MERRA-2,0.5 degree latitude x 0.625 degree longitude (~50 km),source-native model grid cell containing city-centre coordinates
Copenhagen,0,2000,2025,26,9.1197,11.5474,4.6304,85.8168,146.9231,2.2692,0.1923,0.0,53.1538,48.8846,6.5,0.0,NASA POWER Daily API,NASA POWER / MERRA-2,0.5 degree latitude x 0.625 degree longitude (~50 km),source-native model grid cell containing city-centre coordinates
Stockholm,0,2000,2025,26,6.9916,10.187,4.132,85.2692,132.6538,2.0,0.0385,0.0,121.6923,0.0,23.8462,0.0,NASA POWER Daily API,NASA POWER / MERRA-2,0.5 degree latitude x 0.625 degree longitude (~50 km),source-native model grid cell containing city-centre coordinates
Helsinki,0,2000,2025,26,6.5372,8.2495,2.1853,86.2949,144.0769,1.9615,0.0,0.0,107.0769,19.3846,26.6154,0.0,NASA POWER Daily API,NASA POWER / MERRA-2,0.5 degree latitude x 0.625 degree longitude (~50 km),source-native model grid cell containing city-centre coordinates
Dublin,0,2000,2025,26,10.1853,12.4964,5.6615,87.6661,189.3077,3.9231,0.0769,0.0,1.5385,71.6538,0.1154,0.0,NASA POWER Daily API,NASA POWER / MERRA-2,0.5 degree latitude x 0.625 degree longitude (~50 km),source-native model grid cell containing city-centre coordinates
Barcelona,0,2000,2025,26,15.7685,21.0627,13.8178,69.7251,81.0769,3.7308,0.2308,2.0769,6.5769,5.7692,0.0385,0.0,NASA POWER Daily API,NASA POWER / MERRA-2,0.5 degree latitude x 0.625 degree longitude (~50 km),source-native model grid cell containing city-centre coordinates
Rome,0,2000,2025,26,16.1514,21.4227,14.1872,70.0335,107.8462,6.0769,0.1538,14.7308,11.5769,6.1538,0.1154,0.0,NASA POWER Daily API,NASA POWER / MERRA-2,0.5 degree latitude x 0.625 degree longitude (~50 km),source-native model grid cell containing city-centre coordinates
Madrid,0,2000,2025,26,13.6404,20.4366,10.3454,63.2028,83.7308,2.0,0.0385,25.7692,56.3077,6.6923,0.8846,0.0,NASA POWER Daily API,NASA POWER / MERRA-2,0.5 degree latitude x 0.625 degree longitude (~50 km),source-native model grid cell containing city-centre coordinates
Tokyo,0,2000,2025,26,14.0933,19.0438,12.4177,80.6274,137.1154,24.4615,4.2692,1.3846,73.2308,14.8846,0.6923,0.0,NASA POWER Daily API,NASA POWER / MERRA-2,0.5 degree latitude x 0.625 degree longitude (~50 km),source-native model grid cell containing city-centre coordinates
Seoul,0,2000,2025,26,11.4631,15.8075,8.9789,77.3437,106.4231,18.0769,4.3077,0.0385,110.1923,16.8077,6.0,0.0,NASA POWER Daily API,NASA POWER / MERRA-2,0.5 degree latitude x 0.625 degree longitude (~50 km),source-native model grid cell containing city-centre coordinates
Singapore,0,2000,2025,26,27.0942,29.4368,31.14,84.8508,281.3846,31.7692,6.1538,0.0,0.0,0.0,0.0,0.0,NASA POWER Daily API,NASA POWER / MERRA-2,0.5 degree latitude x 0.625 degree longitude (~50 km),source-native model grid cell containing city-centre coordinates
Bangkok,0,2000,2025,26,27.8469,32.8611,31.104,74.7322,183.0,11.0769,0.1538,87.6538,0.0,0.0,0.0,0.0,NASA POWER Daily API,NASA POWER / MERRA-2,0.5 degree latitude x 0.625 degree longitude (~50 km),source-native model grid cell containing city-centre coordinates
Sydney,0,2000,2025,26,18.6962,21.4192,17.0902,72.7392,119.6538,9.4231,0.8846,0.8077,0.0,5.1923,0.0,0.0,NASA POWER Daily API,NASA POWER / MERRA-2,0.5 degree latitude x 0.625 degree longitude (~50 km),source-native model grid cell containing city-centre coordinates
Melbourne,0,2000,2025,26,14.6936,19.2862,11.608,74.3471,126.1923,3.6923,0.1923,4.0385,0.0,22.1154,0.0,0.0,NASA POWER Daily API,NASA POWER / MERRA-2,0.5 degree latitude x 0.625 degree longitude (~50 km),source-native model grid cell containing city-centre coordinates
Auckland,0,2000,2025,26,15.7588,18.5713,12.5149,79.0862,145.1923,9.6923,0.8462,0.0,0.0,59.3846,0.0,0.0,NASA POWER Daily API,NASA POWER / MERRA-2,0.5 degree latitude x 0.625 degree longitude (~50 km),source-native model grid cell containing city-centre coordinates
Dubai,0,2000,2025,26,28.3624,32.2714,29.3751,58.4376,13.9615,0.8846,0.1154,151.3077,0.0,3.6154,0.0,0.0,NASA POWER Daily API,NASA POWER / MERRA-2,0.5 degree latitude x 0.625 degree longitude (~50 km),source-native model grid cell containing city-centre coordinates
Istanbul,0,2000,2025,26,15.3524,18.6536,12.4035,75.1057,99.6154,3.3077,0.0385,0.7308,8.2692,31.0,1.1154,0.0,NASA POWER Daily API,NASA POWER / MERRA-2,0.5 degree latitude x 0.625 degree longitude (~50 km),source-native model grid cell containing city-centre coordinates
Cape Town,0,2000,2025,26,17.0122,18.6548,13.7367,79.2366,82.5385,3.9615,0.5,0.0,0.0,68.0385,0.0,0.0,NASA POWER Daily API,NASA POWER / MERRA-2,0.5 degree latitude x 0.625 degree longitude (~50 km),source-native model grid cell containing city-centre coordinates
Nairobi,0,2000,2025,26,20.1729,27.6604,18.2966,65.9973,131.1538,1.4615,0.0385,0.0385,0.0,0.1154,0.0,0.0,NASA POWER Daily API,NASA POWER / MERRA-2,0.5 degree latitude x 0.625 degree longitude (~50 km),source-native model grid cell containing city-centre coordinates
