city,city_zh,city_en,year,pm25_mean_ug_m3,valid_grid_cells,grid_cell_count,source_product,source_version,spatial_method
Altay,阿勒泰,Altay,2015,10.6432,9,9,ACAG SatPM2.5,V6.GL.03,mean of finite cells in 3x3 0.1-degree window
Altay,阿勒泰,Altay,2016,9.992,9,9,ACAG SatPM2.5,V6.GL.03,mean of finite cells in 3x3 0.1-degree window
Altay,阿勒泰,Altay,2017,10.5691,9,9,ACAG SatPM2.5,V6.GL.03,mean of finite cells in 3x3 0.1-degree window
Altay,阿勒泰,Altay,2018,8.8279,9,9,ACAG SatPM2.5,V6.GL.03,mean of finite cells in 3x3 0.1-degree window
Altay,阿勒泰,Altay,2019,9.2747,9,9,ACAG SatPM2.5,V6.GL.03,mean of finite cells in 3x3 0.1-degree window
Altay,阿勒泰,Altay,2020,11.1318,9,9,ACAG SatPM2.5,V6.GL.03,mean of finite cells in 3x3 0.1-degree window
Altay,阿勒泰,Altay,2021,10.1419,9,9,ACAG SatPM2.5,V6.GL.03,mean of finite cells in 3x3 0.1-degree window
Altay,阿勒泰,Altay,2022,11.2996,9,9,ACAG SatPM2.5,V6.GL.03,mean of finite cells in 3x3 0.1-degree window
Altay,阿勒泰,Altay,2023,10.3881,9,9,ACAG SatPM2.5,V6.GL.03,mean of finite cells in 3x3 0.1-degree window
Altay,阿勒泰,Altay,2024,9.9743,9,9,ACAG SatPM2.5,V6.GL.03,mean of finite cells in 3x3 0.1-degree window
Amsterdam,阿姆斯特丹,Amsterdam,2015,12.8776,9,9,ACAG SatPM2.5,V6.GL.03,mean of finite cells in 3x3 0.1-degree window
Amsterdam,阿姆斯特丹,Amsterdam,2016,12.5961,9,9,ACAG SatPM2.5,V6.GL.03,mean of finite cells in 3x3 0.1-degree window
Amsterdam,阿姆斯特丹,Amsterdam,2017,12.5604,9,9,ACAG SatPM2.5,V6.GL.03,mean of finite cells in 3x3 0.1-degree window
Amsterdam,阿姆斯特丹,Amsterdam,2018,13.1246,9,9,ACAG SatPM2.5,V6.GL.03,mean of finite cells in 3x3 0.1-degree window
Amsterdam,阿姆斯特丹,Amsterdam,2019,11.3891,9,9,ACAG SatPM2.5,V6.GL.03,mean of finite cells in 3x3 0.1-degree window
Amsterdam,阿姆斯特丹,Amsterdam,2020,9.672,9,9,ACAG SatPM2.5,V6.GL.03,mean of finite cells in 3x3 0.1-degree window
Amsterdam,阿姆斯特丹,Amsterdam,2021,10.4393,9,9,ACAG SatPM2.5,V6.GL.03,mean of finite cells in 3x3 0.1-degree window
Amsterdam,阿姆斯特丹,Amsterdam,2022,9.9364,9,9,ACAG SatPM2.5,V6.GL.03,mean of finite cells in 3x3 0.1-degree window
Amsterdam,阿姆斯特丹,Amsterdam,2023,8.971,9,9,ACAG SatPM2.5,V6.GL.03,mean of finite cells in 3x3 0.1-degree window
Amsterdam,阿姆斯特丹,Amsterdam,2024,9.8392,9,9,ACAG SatPM2.5,V6.GL.03,mean of finite cells in 3x3 0.1-degree window
Auckland,奥克兰,Auckland,2015,6.0567,9,9,ACAG SatPM2.5,V6.GL.03,mean of finite cells in 3x3 0.1-degree window
Auckland,奥克兰,Auckland,2016,6.2548,9,9,ACAG SatPM2.5,V6.GL.03,mean of finite cells in 3x3 0.1-degree window
Auckland,奥克兰,Auckland,2017,6.3806,9,9,ACAG SatPM2.5,V6.GL.03,mean of finite cells in 3x3 0.1-degree window
Auckland,奥克兰,Auckland,2018,6.6601,9,9,ACAG SatPM2.5,V6.GL.03,mean of finite cells in 3x3 0.1-degree window
Auckland,奥克兰,Auckland,2019,7.3098,9,9,ACAG SatPM2.5,V6.GL.03,mean of finite cells in 3x3 0.1-degree window
Auckland,奥克兰,Auckland,2020,6.4038,9,9,ACAG SatPM2.5,V6.GL.03,mean of finite cells in 3x3 0.1-degree window
Auckland,奥克兰,Auckland,2021,5.9477,9,9,ACAG SatPM2.5,V6.GL.03,mean of finite cells in 3x3 0.1-degree window
Auckland,奥克兰,Auckland,2022,6.4205,9,9,ACAG SatPM2.5,V6.GL.03,mean of finite cells in 3x3 0.1-degree window
Auckland,奥克兰,Auckland,2023,6.0831,9,9,ACAG SatPM2.5,V6.GL.03,mean of finite cells in 3x3 0.1-degree window
Auckland,奥克兰,Auckland,2024,5.8133,9,9,ACAG SatPM2.5,V6.GL.03,mean of finite cells in 3x3 0.1-degree window
Bangkok,曼谷,Bangkok,2015,22.8581,9,9,ACAG SatPM2.5,V6.GL.03,mean of finite cells in 3x3 0.1-degree window
Bangkok,曼谷,Bangkok,2016,25.0036,9,9,ACAG SatPM2.5,V6.GL.03,mean of finite cells in 3x3 0.1-degree window
Bangkok,曼谷,Bangkok,2017,21.3211,9,9,ACAG SatPM2.5,V6.GL.03,mean of finite cells in 3x3 0.1-degree window
Bangkok,曼谷,Bangkok,2018,25.4009,9,9,ACAG SatPM2.5,V6.GL.03,mean of finite cells in 3x3 0.1-degree window
Bangkok,曼谷,Bangkok,2019,23.7645,9,9,ACAG SatPM2.5,V6.GL.03,mean of finite cells in 3x3 0.1-degree window
Bangkok,曼谷,Bangkok,2020,25.6942,9,9,ACAG SatPM2.5,V6.GL.03,mean of finite cells in 3x3 0.1-degree window
Bangkok,曼谷,Bangkok,2021,25.306,9,9,ACAG SatPM2.5,V6.GL.03,mean of finite cells in 3x3 0.1-degree window
Bangkok,曼谷,Bangkok,2022,24.353,9,9,ACAG SatPM2.5,V6.GL.03,mean of finite cells in 3x3 0.1-degree window
Bangkok,曼谷,Bangkok,2023,26.9455,9,9,ACAG SatPM2.5,V6.GL.03,mean of finite cells in 3x3 0.1-degree window
Bangkok,曼谷,Bangkok,2024,24.3474,9,9,ACAG SatPM2.5,V6.GL.03,mean of finite cells in 3x3 0.1-degree window
Barcelona,巴塞罗那,Barcelona,2015,14.0552,9,9,ACAG SatPM2.5,V6.GL.03,mean of finite cells in 3x3 0.1-degree window
Barcelona,巴塞罗那,Barcelona,2016,12.169,9,9,ACAG SatPM2.5,V6.GL.03,mean of finite cells in 3x3 0.1-degree window
Barcelona,巴塞罗那,Barcelona,2017,12.0948,9,9,ACAG SatPM2.5,V6.GL.03,mean of finite cells in 3x3 0.1-degree window
Barcelona,巴塞罗那,Barcelona,2018,11.5092,9,9,ACAG SatPM2.5,V6.GL.03,mean of finite cells in 3x3 0.1-degree window
Barcelona,巴塞罗那,Barcelona,2019,11.7606,9,9,ACAG SatPM2.5,V6.GL.03,mean of finite cells in 3x3 0.1-degree window
Barcelona,巴塞罗那,Barcelona,2020,10.9618,9,9,ACAG SatPM2.5,V6.GL.03,mean of finite cells in 3x3 0.1-degree window
Barcelona,巴塞罗那,Barcelona,2021,10.7531,9,9,ACAG SatPM2.5,V6.GL.03,mean of finite cells in 3x3 0.1-degree window
Barcelona,巴塞罗那,Barcelona,2022,12.7446,9,9,ACAG SatPM2.5,V6.GL.03,mean of finite cells in 3x3 0.1-degree window
Barcelona,巴塞罗那,Barcelona,2023,12.0605,9,9,ACAG SatPM2.5,V6.GL.03,mean of finite cells in 3x3 0.1-degree window
Barcelona,巴塞罗那,Barcelona,2024,11.5322,9,9,ACAG SatPM2.5,V6.GL.03,mean of finite cells in 3x3 0.1-degree window
Beijing,北京,Beijing,2015,79.3906,9,9,ACAG SatPM2.5,V6.GL.03,mean of finite cells in 3x3 0.1-degree window
Beijing,北京,Beijing,2016,70.1279,9,9,ACAG SatPM2.5,V6.GL.03,mean of finite cells in 3x3 0.1-degree window
Beijing,北京,Beijing,2017,56.2214,9,9,ACAG SatPM2.5,V6.GL.03,mean of finite cells in 3x3 0.1-degree window
Beijing,北京,Beijing,2018,50.9873,9,9,ACAG SatPM2.5,V6.GL.03,mean of finite cells in 3x3 0.1-degree window
Beijing,北京,Beijing,2019,45.6818,9,9,ACAG SatPM2.5,V6.GL.03,mean of finite cells in 3x3 0.1-degree window
Beijing,北京,Beijing,2020,43.2066,9,9,ACAG SatPM2.5,V6.GL.03,mean of finite cells in 3x3 0.1-degree window
Beijing,北京,Beijing,2021,41.1062,9,9,ACAG SatPM2.5,V6.GL.03,mean of finite cells in 3x3 0.1-degree window
Beijing,北京,Beijing,2022,44.6502,9,9,ACAG SatPM2.5,V6.GL.03,mean of finite cells in 3x3 0.1-degree window
Beijing,北京,Beijing,2023,49.1252,9,9,ACAG SatPM2.5,V6.GL.03,mean of finite cells in 3x3 0.1-degree window
Beijing,北京,Beijing,2024,45.3669,9,9,ACAG SatPM2.5,V6.GL.03,mean of finite cells in 3x3 0.1-degree window
Berlin,柏林,Berlin,2015,14.3369,9,9,ACAG SatPM2.5,V6.GL.03,mean of finite cells in 3x3 0.1-degree window
Berlin,柏林,Berlin,2016,13.9848,9,9,ACAG SatPM2.5,V6.GL.03,mean of finite cells in 3x3 0.1-degree window
Berlin,柏林,Berlin,2017,13.6277,9,9,ACAG SatPM2.5,V6.GL.03,mean of finite cells in 3x3 0.1-degree window
Berlin,柏林,Berlin,2018,14.7941,9,9,ACAG SatPM2.5,V6.GL.03,mean of finite cells in 3x3 0.1-degree window
Berlin,柏林,Berlin,2019,11.6446,9,9,ACAG SatPM2.5,V6.GL.03,mean of finite cells in 3x3 0.1-degree window
Berlin,柏林,Berlin,2020,10.4779,9,9,ACAG SatPM2.5,V6.GL.03,mean of finite cells in 3x3 0.1-degree window
Berlin,柏林,Berlin,2021,11.8689,9,9,ACAG SatPM2.5,V6.GL.03,mean of finite cells in 3x3 0.1-degree window
Berlin,柏林,Berlin,2022,10.9359,9,9,ACAG SatPM2.5,V6.GL.03,mean of finite cells in 3x3 0.1-degree window
Berlin,柏林,Berlin,2023,10.3712,9,9,ACAG SatPM2.5,V6.GL.03,mean of finite cells in 3x3 0.1-degree window
Berlin,柏林,Berlin,2024,10.6595,9,9,ACAG SatPM2.5,V6.GL.03,mean of finite cells in 3x3 0.1-degree window
Boston,波士顿,Boston,2015,7.723,9,9,ACAG SatPM2.5,V6.GL.03,mean of finite cells in 3x3 0.1-degree window
Boston,波士顿,Boston,2016,6.5786,9,9,ACAG SatPM2.5,V6.GL.03,mean of finite cells in 3x3 0.1-degree window
Boston,波士顿,Boston,2017,6.5936,9,9,ACAG SatPM2.5,V6.GL.03,mean of finite cells in 3x3 0.1-degree window
Boston,波士顿,Boston,2018,6.7294,9,9,ACAG SatPM2.5,V6.GL.03,mean of finite cells in 3x3 0.1-degree window
Boston,波士顿,Boston,2019,5.8421,9,9,ACAG SatPM2.5,V6.GL.03,mean of finite cells in 3x3 0.1-degree window
Boston,波士顿,Boston,2020,6.8533,9,9,ACAG SatPM2.5,V6.GL.03,mean of finite cells in 3x3 0.1-degree window
Boston,波士顿,Boston,2021,6.9775,9,9,ACAG SatPM2.5,V6.GL.03,mean of finite cells in 3x3 0.1-degree window
Boston,波士顿,Boston,2022,6.3124,9,9,ACAG SatPM2.5,V6.GL.03,mean of finite cells in 3x3 0.1-degree window
Boston,波士顿,Boston,2023,8.3164,9,9,ACAG SatPM2.5,V6.GL.03,mean of finite cells in 3x3 0.1-degree window
Boston,波士顿,Boston,2024,6.4567,9,9,ACAG SatPM2.5,V6.GL.03,mean of finite cells in 3x3 0.1-degree window
Cape Town,开普敦,Cape Town,2015,8.8557,9,9,ACAG SatPM2.5,V6.GL.03,mean of finite cells in 3x3 0.1-degree window
Cape Town,开普敦,Cape Town,2016,9.0488,9,9,ACAG SatPM2.5,V6.GL.03,mean of finite cells in 3x3 0.1-degree window
Cape Town,开普敦,Cape Town,2017,8.369,9,9,ACAG SatPM2.5,V6.GL.03,mean of finite cells in 3x3 0.1-degree window
Cape Town,开普敦,Cape Town,2018,10.0362,9,9,ACAG SatPM2.5,V6.GL.03,mean of finite cells in 3x3 0.1-degree window
Cape Town,开普敦,Cape Town,2019,7.9998,9,9,ACAG SatPM2.5,V6.GL.03,mean of finite cells in 3x3 0.1-degree window
Cape Town,开普敦,Cape Town,2020,9.1103,9,9,ACAG SatPM2.5,V6.GL.03,mean of finite cells in 3x3 0.1-degree window
Cape Town,开普敦,Cape Town,2021,8.3067,9,9,ACAG SatPM2.5,V6.GL.03,mean of finite cells in 3x3 0.1-degree window
Cape Town,开普敦,Cape Town,2022,9.8503,9,9,ACAG SatPM2.5,V6.GL.03,mean of finite cells in 3x3 0.1-degree window
Cape Town,开普敦,Cape Town,2023,5.2808,9,9,ACAG SatPM2.5,V6.GL.03,mean of finite cells in 3x3 0.1-degree window
Cape Town,开普敦,Cape Town,2024,8.7983,9,9,ACAG SatPM2.5,V6.GL.03,mean of finite cells in 3x3 0.1-degree window
Changchun,长春,Changchun,2015,55.2187,9,9,ACAG SatPM2.5,V6.GL.03,mean of finite cells in 3x3 0.1-degree window
Changchun,长春,Changchun,2016,42.8917,9,9,ACAG SatPM2.5,V6.GL.03,mean of finite cells in 3x3 0.1-degree window
Changchun,长春,Changchun,2017,44.597,9,9,ACAG SatPM2.5,V6.GL.03,mean of finite cells in 3x3 0.1-degree window
Changchun,长春,Changchun,2018,33.5141,9,9,ACAG SatPM2.5,V6.GL.03,mean of finite cells in 3x3 0.1-degree window
Changchun,长春,Changchun,2019,35.6626,9,9,ACAG SatPM2.5,V6.GL.03,mean of finite cells in 3x3 0.1-degree window
Changchun,长春,Changchun,2020,41.2978,9,9,ACAG SatPM2.5,V6.GL.03,mean of finite cells in 3x3 0.1-degree window
Changchun,长春,Changchun,2021,33.3151,9,9,ACAG SatPM2.5,V6.GL.03,mean of finite cells in 3x3 0.1-degree window
Changchun,长春,Changchun,2022,32.2423,9,9,ACAG SatPM2.5,V6.GL.03,mean of finite cells in 3x3 0.1-degree window
Changchun,长春,Changchun,2023,35.9103,9,9,ACAG SatPM2.5,V6.GL.03,mean of finite cells in 3x3 0.1-degree window
Changchun,长春,Changchun,2024,39.6423,9,9,ACAG SatPM2.5,V6.GL.03,mean of finite cells in 3x3 0.1-degree window
Changsha,长沙,Changsha,2015,56.3719,9,9,ACAG SatPM2.5,V6.GL.03,mean of finite cells in 3x3 0.1-degree window
Changsha,长沙,Changsha,2016,49.4704,9,9,ACAG SatPM2.5,V6.GL.03,mean of finite cells in 3x3 0.1-degree window
Changsha,长沙,Changsha,2017,49.5028,9,9,ACAG SatPM2.5,V6.GL.03,mean of finite cells in 3x3 0.1-degree window
Changsha,长沙,Changsha,2018,43.761,9,9,ACAG SatPM2.5,V6.GL.03,mean of finite cells in 3x3 0.1-degree window
Changsha,长沙,Changsha,2019,46.0631,9,9,ACAG SatPM2.5,V6.GL.03,mean of finite cells in 3x3 0.1-degree window
Changsha,长沙,Changsha,2020,38.2927,9,9,ACAG SatPM2.5,V6.GL.03,mean of finite cells in 3x3 0.1-degree window
Changsha,长沙,Changsha,2021,38.6675,9,9,ACAG SatPM2.5,V6.GL.03,mean of finite cells in 3x3 0.1-degree window
Changsha,长沙,Changsha,2022,39.8914,9,9,ACAG SatPM2.5,V6.GL.03,mean of finite cells in 3x3 0.1-degree window
Changsha,长沙,Changsha,2023,42.3906,9,9,ACAG SatPM2.5,V6.GL.03,mean of finite cells in 3x3 0.1-degree window
Changsha,长沙,Changsha,2024,40.8614,9,9,ACAG SatPM2.5,V6.GL.03,mean of finite cells in 3x3 0.1-degree window
Chengdu,成都,Chengdu,2015,55.9203,9,9,ACAG SatPM2.5,V6.GL.03,mean of finite cells in 3x3 0.1-degree window
Chengdu,成都,Chengdu,2016,54.5252,9,9,ACAG SatPM2.5,V6.GL.03,mean of finite cells in 3x3 0.1-degree window
Chengdu,成都,Chengdu,2017,50.8762,9,9,ACAG SatPM2.5,V6.GL.03,mean of finite cells in 3x3 0.1-degree window
Chengdu,成都,Chengdu,2018,45.088,9,9,ACAG SatPM2.5,V6.GL.03,mean of finite cells in 3x3 0.1-degree window
Chengdu,成都,Chengdu,2019,41.913,9,9,ACAG SatPM2.5,V6.GL.03,mean of finite cells in 3x3 0.1-degree window
Chengdu,成都,Chengdu,2020,38.6037,9,9,ACAG SatPM2.5,V6.GL.03,mean of finite cells in 3x3 0.1-degree window
Chengdu,成都,Chengdu,2021,40.8197,9,9,ACAG SatPM2.5,V6.GL.03,mean of finite cells in 3x3 0.1-degree window
Chengdu,成都,Chengdu,2022,44.1556,9,9,ACAG SatPM2.5,V6.GL.03,mean of finite cells in 3x3 0.1-degree window
Chengdu,成都,Chengdu,2023,45.5588,9,9,ACAG SatPM2.5,V6.GL.03,mean of finite cells in 3x3 0.1-degree window
Chengdu,成都,Chengdu,2024,40.4556,9,9,ACAG SatPM2.5,V6.GL.03,mean of finite cells in 3x3 0.1-degree window
Chongqing,重庆,Chongqing,2015,44.2581,9,9,ACAG SatPM2.5,V6.GL.03,mean of finite cells in 3x3 0.1-degree window
Chongqing,重庆,Chongqing,2016,43.4866,9,9,ACAG SatPM2.5,V6.GL.03,mean of finite cells in 3x3 0.1-degree window
Chongqing,重庆,Chongqing,2017,38.6579,9,9,ACAG SatPM2.5,V6.GL.03,mean of finite cells in 3x3 0.1-degree window
Chongqing,重庆,Chongqing,2018,34.0578,9,9,ACAG SatPM2.5,V6.GL.03,mean of finite cells in 3x3 0.1-degree window
Chongqing,重庆,Chongqing,2019,34.5971,9,9,ACAG SatPM2.5,V6.GL.03,mean of finite cells in 3x3 0.1-degree window
Chongqing,重庆,Chongqing,2020,29.349,9,9,ACAG SatPM2.5,V6.GL.03,mean of finite cells in 3x3 0.1-degree window
Chongqing,重庆,Chongqing,2021,30.4,9,9,ACAG SatPM2.5,V6.GL.03,mean of finite cells in 3x3 0.1-degree window
Chongqing,重庆,Chongqing,2022,30.9195,9,9,ACAG SatPM2.5,V6.GL.03,mean of finite cells in 3x3 0.1-degree window
Chongqing,重庆,Chongqing,2023,33.2489,9,9,ACAG SatPM2.5,V6.GL.03,mean of finite cells in 3x3 0.1-degree window
Chongqing,重庆,Chongqing,2024,29.6116,9,9,ACAG SatPM2.5,V6.GL.03,mean of finite cells in 3x3 0.1-degree window
Copenhagen,哥本哈根,Copenhagen,2015,9.5419,9,9,ACAG SatPM2.5,V6.GL.03,mean of finite cells in 3x3 0.1-degree window
Copenhagen,哥本哈根,Copenhagen,2016,8.9774,9,9,ACAG SatPM2.5,V6.GL.03,mean of finite cells in 3x3 0.1-degree window
Copenhagen,哥本哈根,Copenhagen,2017,9.0845,9,9,ACAG SatPM2.5,V6.GL.03,mean of finite cells in 3x3 0.1-degree window
Copenhagen,哥本哈根,Copenhagen,2018,10.4818,9,9,ACAG SatPM2.5,V6.GL.03,mean of finite cells in 3x3 0.1-degree window
Copenhagen,哥本哈根,Copenhagen,2019,9.0573,9,9,ACAG SatPM2.5,V6.GL.03,mean of finite cells in 3x3 0.1-degree window
Copenhagen,哥本哈根,Copenhagen,2020,7.8779,9,9,ACAG SatPM2.5,V6.GL.03,mean of finite cells in 3x3 0.1-degree window
Copenhagen,哥本哈根,Copenhagen,2021,7.9531,9,9,ACAG SatPM2.5,V6.GL.03,mean of finite cells in 3x3 0.1-degree window
Copenhagen,哥本哈根,Copenhagen,2022,7.9664,9,9,ACAG SatPM2.5,V6.GL.03,mean of finite cells in 3x3 0.1-degree window
Copenhagen,哥本哈根,Copenhagen,2023,7.3198,9,9,ACAG SatPM2.5,V6.GL.03,mean of finite cells in 3x3 0.1-degree window
Copenhagen,哥本哈根,Copenhagen,2024,8.7167,9,9,ACAG SatPM2.5,V6.GL.03,mean of finite cells in 3x3 0.1-degree window
Dalian,大连,Dalian,2015,44.4598,9,9,ACAG SatPM2.5,V6.GL.03,mean of finite cells in 3x3 0.1-degree window
Dalian,大连,Dalian,2016,39.1001,9,9,ACAG SatPM2.5,V6.GL.03,mean of finite cells in 3x3 0.1-degree window
Dalian,大连,Dalian,2017,33.3068,9,9,ACAG SatPM2.5,V6.GL.03,mean of finite cells in 3x3 0.1-degree window
Dalian,大连,Dalian,2018,29.4119,9,9,ACAG SatPM2.5,V6.GL.03,mean of finite cells in 3x3 0.1-degree window
Dalian,大连,Dalian,2019,33.7021,9,9,ACAG SatPM2.5,V6.GL.03,mean of finite cells in 3x3 0.1-degree window
Dalian,大连,Dalian,2020,29.8377,9,9,ACAG SatPM2.5,V6.GL.03,mean of finite cells in 3x3 0.1-degree window
Dalian,大连,Dalian,2021,29.1282,9,9,ACAG SatPM2.5,V6.GL.03,mean of finite cells in 3x3 0.1-degree window
Dalian,大连,Dalian,2022,28.2413,9,9,ACAG SatPM2.5,V6.GL.03,mean of finite cells in 3x3 0.1-degree window
Dalian,大连,Dalian,2023,32.0144,9,9,ACAG SatPM2.5,V6.GL.03,mean of finite cells in 3x3 0.1-degree window
Dalian,大连,Dalian,2024,30.7306,9,9,ACAG SatPM2.5,V6.GL.03,mean of finite cells in 3x3 0.1-degree window
Dubai,迪拜,Dubai,2015,39.0564,9,9,ACAG SatPM2.5,V6.GL.03,mean of finite cells in 3x3 0.1-degree window
Dubai,迪拜,Dubai,2016,38.113,9,9,ACAG SatPM2.5,V6.GL.03,mean of finite cells in 3x3 0.1-degree window
Dubai,迪拜,Dubai,2017,39.9631,9,9,ACAG SatPM2.5,V6.GL.03,mean of finite cells in 3x3 0.1-degree window
Dubai,迪拜,Dubai,2018,37.8778,9,9,ACAG SatPM2.5,V6.GL.03,mean of finite cells in 3x3 0.1-degree window
Dubai,迪拜,Dubai,2019,34.5408,9,9,ACAG SatPM2.5,V6.GL.03,mean of finite cells in 3x3 0.1-degree window
Dubai,迪拜,Dubai,2020,38.9671,9,9,ACAG SatPM2.5,V6.GL.03,mean of finite cells in 3x3 0.1-degree window
Dubai,迪拜,Dubai,2021,42.802,9,9,ACAG SatPM2.5,V6.GL.03,mean of finite cells in 3x3 0.1-degree window
Dubai,迪拜,Dubai,2022,38.7167,9,9,ACAG SatPM2.5,V6.GL.03,mean of finite cells in 3x3 0.1-degree window
Dubai,迪拜,Dubai,2023,34.6217,9,9,ACAG SatPM2.5,V6.GL.03,mean of finite cells in 3x3 0.1-degree window
Dubai,迪拜,Dubai,2024,35.2717,9,9,ACAG SatPM2.5,V6.GL.03,mean of finite cells in 3x3 0.1-degree window
Dublin,都柏林,Dublin,2015,8.1505,9,9,ACAG SatPM2.5,V6.GL.03,mean of finite cells in 3x3 0.1-degree window
Dublin,都柏林,Dublin,2016,8.5821,9,9,ACAG SatPM2.5,V6.GL.03,mean of finite cells in 3x3 0.1-degree window
Dublin,都柏林,Dublin,2017,7.5733,9,9,ACAG SatPM2.5,V6.GL.03,mean of finite cells in 3x3 0.1-degree window
Dublin,都柏林,Dublin,2018,8.1999,9,9,ACAG SatPM2.5,V6.GL.03,mean of finite cells in 3x3 0.1-degree window
Dublin,都柏林,Dublin,2019,8.6967,9,9,ACAG SatPM2.5,V6.GL.03,mean of finite cells in 3x3 0.1-degree window
Dublin,都柏林,Dublin,2020,7.8611,9,9,ACAG SatPM2.5,V6.GL.03,mean of finite cells in 3x3 0.1-degree window
Dublin,都柏林,Dublin,2021,8.0539,9,9,ACAG SatPM2.5,V6.GL.03,mean of finite cells in 3x3 0.1-degree window
Dublin,都柏林,Dublin,2022,7.7825,9,9,ACAG SatPM2.5,V6.GL.03,mean of finite cells in 3x3 0.1-degree window
Dublin,都柏林,Dublin,2023,7.3456,9,9,ACAG SatPM2.5,V6.GL.03,mean of finite cells in 3x3 0.1-degree window
Dublin,都柏林,Dublin,2024,7.687,9,9,ACAG SatPM2.5,V6.GL.03,mean of finite cells in 3x3 0.1-degree window
Fuzhou,福州,Fuzhou,2015,28.8583,9,9,ACAG SatPM2.5,V6.GL.03,mean of finite cells in 3x3 0.1-degree window
Fuzhou,福州,Fuzhou,2016,25.2323,9,9,ACAG SatPM2.5,V6.GL.03,mean of finite cells in 3x3 0.1-degree window
Fuzhou,福州,Fuzhou,2017,27.019,9,9,ACAG SatPM2.5,V6.GL.03,mean of finite cells in 3x3 0.1-degree window
Fuzhou,福州,Fuzhou,2018,24.0969,9,9,ACAG SatPM2.5,V6.GL.03,mean of finite cells in 3x3 0.1-degree window
Fuzhou,福州,Fuzhou,2019,22.8875,9,9,ACAG SatPM2.5,V6.GL.03,mean of finite cells in 3x3 0.1-degree window
Fuzhou,福州,Fuzhou,2020,19.9492,9,9,ACAG SatPM2.5,V6.GL.03,mean of finite cells in 3x3 0.1-degree window
Fuzhou,福州,Fuzhou,2021,21.1189,9,9,ACAG SatPM2.5,V6.GL.03,mean of finite cells in 3x3 0.1-degree window
Fuzhou,福州,Fuzhou,2022,19.4775,9,9,ACAG SatPM2.5,V6.GL.03,mean of finite cells in 3x3 0.1-degree window
Fuzhou,福州,Fuzhou,2023,20.9892,9,9,ACAG SatPM2.5,V6.GL.03,mean of finite cells in 3x3 0.1-degree window
Fuzhou,福州,Fuzhou,2024,21.5826,9,9,ACAG SatPM2.5,V6.GL.03,mean of finite cells in 3x3 0.1-degree window
Genhe,根河,Genhe,2015,18.694,9,9,ACAG SatPM2.5,V6.GL.03,mean of finite cells in 3x3 0.1-degree window
Genhe,根河,Genhe,2016,15.1166,9,9,ACAG SatPM2.5,V6.GL.03,mean of finite cells in 3x3 0.1-degree window
Genhe,根河,Genhe,2017,11.7102,9,9,ACAG SatPM2.5,V6.GL.03,mean of finite cells in 3x3 0.1-degree window
Genhe,根河,Genhe,2018,12.0423,9,9,ACAG SatPM2.5,V6.GL.03,mean of finite cells in 3x3 0.1-degree window
Genhe,根河,Genhe,2019,12.6748,9,9,ACAG SatPM2.5,V6.GL.03,mean of finite cells in 3x3 0.1-degree window
Genhe,根河,Genhe,2020,11.8296,9,9,ACAG SatPM2.5,V6.GL.03,mean of finite cells in 3x3 0.1-degree window
Genhe,根河,Genhe,2021,12.5959,9,9,ACAG SatPM2.5,V6.GL.03,mean of finite cells in 3x3 0.1-degree window
Genhe,根河,Genhe,2022,12.3234,9,9,ACAG SatPM2.5,V6.GL.03,mean of finite cells in 3x3 0.1-degree window
Genhe,根河,Genhe,2023,14.9859,9,9,ACAG SatPM2.5,V6.GL.03,mean of finite cells in 3x3 0.1-degree window
Genhe,根河,Genhe,2024,19.1216,9,9,ACAG SatPM2.5,V6.GL.03,mean of finite cells in 3x3 0.1-degree window
Guangzhou,广州,Guangzhou,2015,39.0474,9,9,ACAG SatPM2.5,V6.GL.03,mean of finite cells in 3x3 0.1-degree window
Guangzhou,广州,Guangzhou,2016,36.1151,9,9,ACAG SatPM2.5,V6.GL.03,mean of finite cells in 3x3 0.1-degree window
Guangzhou,广州,Guangzhou,2017,37.9835,9,9,ACAG SatPM2.5,V6.GL.03,mean of finite cells in 3x3 0.1-degree window
Guangzhou,广州,Guangzhou,2018,35.4395,9,9,ACAG SatPM2.5,V6.GL.03,mean of finite cells in 3x3 0.1-degree window
Guangzhou,广州,Guangzhou,2019,33.8656,9,9,ACAG SatPM2.5,V6.GL.03,mean of finite cells in 3x3 0.1-degree window
Guangzhou,广州,Guangzhou,2020,26.8732,9,9,ACAG SatPM2.5,V6.GL.03,mean of finite cells in 3x3 0.1-degree window
Guangzhou,广州,Guangzhou,2021,27.6264,9,9,ACAG SatPM2.5,V6.GL.03,mean of finite cells in 3x3 0.1-degree window
Guangzhou,广州,Guangzhou,2022,32.2735,9,9,ACAG SatPM2.5,V6.GL.03,mean of finite cells in 3x3 0.1-degree window
Guangzhou,广州,Guangzhou,2023,32.7271,9,9,ACAG SatPM2.5,V6.GL.03,mean of finite cells in 3x3 0.1-degree window
Guangzhou,广州,Guangzhou,2024,32.3903,9,9,ACAG SatPM2.5,V6.GL.03,mean of finite cells in 3x3 0.1-degree window
Guiyang,贵阳,Guiyang,2015,34.9174,9,9,ACAG SatPM2.5,V6.GL.03,mean of finite cells in 3x3 0.1-degree window
Guiyang,贵阳,Guiyang,2016,31.8799,9,9,ACAG SatPM2.5,V6.GL.03,mean of finite cells in 3x3 0.1-degree window
Guiyang,贵阳,Guiyang,2017,32.0404,9,9,ACAG SatPM2.5,V6.GL.03,mean of finite cells in 3x3 0.1-degree window
Guiyang,贵阳,Guiyang,2018,29.7389,9,9,ACAG SatPM2.5,V6.GL.03,mean of finite cells in 3x3 0.1-degree window
Guiyang,贵阳,Guiyang,2019,27.6048,9,9,ACAG SatPM2.5,V6.GL.03,mean of finite cells in 3x3 0.1-degree window
Guiyang,贵阳,Guiyang,2020,24.925,9,9,ACAG SatPM2.5,V6.GL.03,mean of finite cells in 3x3 0.1-degree window
Guiyang,贵阳,Guiyang,2021,26.5187,9,9,ACAG SatPM2.5,V6.GL.03,mean of finite cells in 3x3 0.1-degree window
Guiyang,贵阳,Guiyang,2022,26.1863,9,9,ACAG SatPM2.5,V6.GL.03,mean of finite cells in 3x3 0.1-degree window
Guiyang,贵阳,Guiyang,2023,26.6644,9,9,ACAG SatPM2.5,V6.GL.03,mean of finite cells in 3x3 0.1-degree window
Guiyang,贵阳,Guiyang,2024,23.8534,9,9,ACAG SatPM2.5,V6.GL.03,mean of finite cells in 3x3 0.1-degree window
Haikou,海口,Haikou,2015,23.4262,9,9,ACAG SatPM2.5,V6.GL.03,mean of finite cells in 3x3 0.1-degree window
Haikou,海口,Haikou,2016,21.3789,9,9,ACAG SatPM2.5,V6.GL.03,mean of finite cells in 3x3 0.1-degree window
Haikou,海口,Haikou,2017,21.1816,9,9,ACAG SatPM2.5,V6.GL.03,mean of finite cells in 3x3 0.1-degree window
Haikou,海口,Haikou,2018,19.0188,9,9,ACAG SatPM2.5,V6.GL.03,mean of finite cells in 3x3 0.1-degree window
Haikou,海口,Haikou,2019,17.6091,9,9,ACAG SatPM2.5,V6.GL.03,mean of finite cells in 3x3 0.1-degree window
Haikou,海口,Haikou,2020,14.9713,9,9,ACAG SatPM2.5,V6.GL.03,mean of finite cells in 3x3 0.1-degree window
Haikou,海口,Haikou,2021,14.959,9,9,ACAG SatPM2.5,V6.GL.03,mean of finite cells in 3x3 0.1-degree window
Haikou,海口,Haikou,2022,16.0178,9,9,ACAG SatPM2.5,V6.GL.03,mean of finite cells in 3x3 0.1-degree window
Haikou,海口,Haikou,2023,17.4041,9,9,ACAG SatPM2.5,V6.GL.03,mean of finite cells in 3x3 0.1-degree window
Haikou,海口,Haikou,2024,16.0776,9,9,ACAG SatPM2.5,V6.GL.03,mean of finite cells in 3x3 0.1-degree window
Hangzhou,杭州,Hangzhou,2015,56.5566,9,9,ACAG SatPM2.5,V6.GL.03,mean of finite cells in 3x3 0.1-degree window
Hangzhou,杭州,Hangzhou,2016,48.1739,9,9,ACAG SatPM2.5,V6.GL.03,mean of finite cells in 3x3 0.1-degree window
Hangzhou,杭州,Hangzhou,2017,46.1415,9,9,ACAG SatPM2.5,V6.GL.03,mean of finite cells in 3x3 0.1-degree window
Hangzhou,杭州,Hangzhou,2018,40.941,9,9,ACAG SatPM2.5,V6.GL.03,mean of finite cells in 3x3 0.1-degree window
Hangzhou,杭州,Hangzhou,2019,39.6008,9,9,ACAG SatPM2.5,V6.GL.03,mean of finite cells in 3x3 0.1-degree window
Hangzhou,杭州,Hangzhou,2020,33.1582,9,9,ACAG SatPM2.5,V6.GL.03,mean of finite cells in 3x3 0.1-degree window
Hangzhou,杭州,Hangzhou,2021,31.8279,9,9,ACAG SatPM2.5,V6.GL.03,mean of finite cells in 3x3 0.1-degree window
Hangzhou,杭州,Hangzhou,2022,33.8815,9,9,ACAG SatPM2.5,V6.GL.03,mean of finite cells in 3x3 0.1-degree window
Hangzhou,杭州,Hangzhou,2023,34.9193,9,9,ACAG SatPM2.5,V6.GL.03,mean of finite cells in 3x3 0.1-degree window
Hangzhou,杭州,Hangzhou,2024,35.3077,9,9,ACAG SatPM2.5,V6.GL.03,mean of finite cells in 3x3 0.1-degree window
Harbin,哈尔滨,Harbin,2015,57.3144,9,9,ACAG SatPM2.5,V6.GL.03,mean of finite cells in 3x3 0.1-degree window
Harbin,哈尔滨,Harbin,2016,40.9704,9,9,ACAG SatPM2.5,V6.GL.03,mean of finite cells in 3x3 0.1-degree window
Harbin,哈尔滨,Harbin,2017,49.4985,9,9,ACAG SatPM2.5,V6.GL.03,mean of finite cells in 3x3 0.1-degree window
Harbin,哈尔滨,Harbin,2018,34.5171,9,9,ACAG SatPM2.5,V6.GL.03,mean of finite cells in 3x3 0.1-degree window
Harbin,哈尔滨,Harbin,2019,39.8548,9,9,ACAG SatPM2.5,V6.GL.03,mean of finite cells in 3x3 0.1-degree window
Harbin,哈尔滨,Harbin,2020,38.7184,9,9,ACAG SatPM2.5,V6.GL.03,mean of finite cells in 3x3 0.1-degree window
Harbin,哈尔滨,Harbin,2021,35.3341,9,9,ACAG SatPM2.5,V6.GL.03,mean of finite cells in 3x3 0.1-degree window
Harbin,哈尔滨,Harbin,2022,34.2975,9,9,ACAG SatPM2.5,V6.GL.03,mean of finite cells in 3x3 0.1-degree window
Harbin,哈尔滨,Harbin,2023,35.8141,9,9,ACAG SatPM2.5,V6.GL.03,mean of finite cells in 3x3 0.1-degree window
Harbin,哈尔滨,Harbin,2024,47.7395,9,9,ACAG SatPM2.5,V6.GL.03,mean of finite cells in 3x3 0.1-degree window
Hefei,合肥,Hefei,2015,60.854,9,9,ACAG SatPM2.5,V6.GL.03,mean of finite cells in 3x3 0.1-degree window
Hefei,合肥,Hefei,2016,54.1052,9,9,ACAG SatPM2.5,V6.GL.03,mean of finite cells in 3x3 0.1-degree window
Hefei,合肥,Hefei,2017,55.0613,9,9,ACAG SatPM2.5,V6.GL.03,mean of finite cells in 3x3 0.1-degree window
Hefei,合肥,Hefei,2018,49.0274,9,9,ACAG SatPM2.5,V6.GL.03,mean of finite cells in 3x3 0.1-degree window
Hefei,合肥,Hefei,2019,44.7179,9,9,ACAG SatPM2.5,V6.GL.03,mean of finite cells in 3x3 0.1-degree window
Hefei,合肥,Hefei,2020,40.9115,9,9,ACAG SatPM2.5,V6.GL.03,mean of finite cells in 3x3 0.1-degree window
Hefei,合肥,Hefei,2021,38.5264,9,9,ACAG SatPM2.5,V6.GL.03,mean of finite cells in 3x3 0.1-degree window
Hefei,合肥,Hefei,2022,38.2031,9,9,ACAG SatPM2.5,V6.GL.03,mean of finite cells in 3x3 0.1-degree window
Hefei,合肥,Hefei,2023,38.3999,9,9,ACAG SatPM2.5,V6.GL.03,mean of finite cells in 3x3 0.1-degree window
Hefei,合肥,Hefei,2024,40.7646,9,9,ACAG SatPM2.5,V6.GL.03,mean of finite cells in 3x3 0.1-degree window
Heihe,黑河,Heihe,2015,22.6439,9,9,ACAG SatPM2.5,V6.GL.03,mean of finite cells in 3x3 0.1-degree window
Heihe,黑河,Heihe,2016,15.5446,9,9,ACAG SatPM2.5,V6.GL.03,mean of finite cells in 3x3 0.1-degree window
Heihe,黑河,Heihe,2017,15.0793,9,9,ACAG SatPM2.5,V6.GL.03,mean of finite cells in 3x3 0.1-degree window
Heihe,黑河,Heihe,2018,14.5421,9,9,ACAG SatPM2.5,V6.GL.03,mean of finite cells in 3x3 0.1-degree window
Heihe,黑河,Heihe,2019,13.4505,9,9,ACAG SatPM2.5,V6.GL.03,mean of finite cells in 3x3 0.1-degree window
Heihe,黑河,Heihe,2020,13.8994,9,9,ACAG SatPM2.5,V6.GL.03,mean of finite cells in 3x3 0.1-degree window
Heihe,黑河,Heihe,2021,14.1725,9,9,ACAG SatPM2.5,V6.GL.03,mean of finite cells in 3x3 0.1-degree window
Heihe,黑河,Heihe,2022,13.058,9,9,ACAG SatPM2.5,V6.GL.03,mean of finite cells in 3x3 0.1-degree window
Heihe,黑河,Heihe,2023,19.1224,9,9,ACAG SatPM2.5,V6.GL.03,mean of finite cells in 3x3 0.1-degree window
Heihe,黑河,Heihe,2024,20.6636,9,9,ACAG SatPM2.5,V6.GL.03,mean of finite cells in 3x3 0.1-degree window
Helsinki,赫尔辛基,Helsinki,2015,6.865,9,9,ACAG SatPM2.5,V6.GL.03,mean of finite cells in 3x3 0.1-degree window
Helsinki,赫尔辛基,Helsinki,2016,7.1862,9,9,ACAG SatPM2.5,V6.GL.03,mean of finite cells in 3x3 0.1-degree window
Helsinki,赫尔辛基,Helsinki,2017,6.4659,9,9,ACAG SatPM2.5,V6.GL.03,mean of finite cells in 3x3 0.1-degree window
Helsinki,赫尔辛基,Helsinki,2018,7.5314,9,9,ACAG SatPM2.5,V6.GL.03,mean of finite cells in 3x3 0.1-degree window
Helsinki,赫尔辛基,Helsinki,2019,6.0098,9,9,ACAG SatPM2.5,V6.GL.03,mean of finite cells in 3x3 0.1-degree window
Helsinki,赫尔辛基,Helsinki,2020,5.8214,9,9,ACAG SatPM2.5,V6.GL.03,mean of finite cells in 3x3 0.1-degree window
Helsinki,赫尔辛基,Helsinki,2021,6.5493,9,9,ACAG SatPM2.5,V6.GL.03,mean of finite cells in 3x3 0.1-degree window
Helsinki,赫尔辛基,Helsinki,2022,6.6729,9,9,ACAG SatPM2.5,V6.GL.03,mean of finite cells in 3x3 0.1-degree window
Helsinki,赫尔辛基,Helsinki,2023,6.6633,9,9,ACAG SatPM2.5,V6.GL.03,mean of finite cells in 3x3 0.1-degree window
Helsinki,赫尔辛基,Helsinki,2024,6.4671,9,9,ACAG SatPM2.5,V6.GL.03,mean of finite cells in 3x3 0.1-degree window
Hohhot,呼和浩特,Hohhot,2015,35.864,9,9,ACAG SatPM2.5,V6.GL.03,mean of finite cells in 3x3 0.1-degree window
Hohhot,呼和浩特,Hohhot,2016,32.9876,9,9,ACAG SatPM2.5,V6.GL.03,mean of finite cells in 3x3 0.1-degree window
Hohhot,呼和浩特,Hohhot,2017,34.8696,9,9,ACAG SatPM2.5,V6.GL.03,mean of finite cells in 3x3 0.1-degree window
Hohhot,呼和浩特,Hohhot,2018,29.3528,9,9,ACAG SatPM2.5,V6.GL.03,mean of finite cells in 3x3 0.1-degree window
Hohhot,呼和浩特,Hohhot,2019,30.1307,9,9,ACAG SatPM2.5,V6.GL.03,mean of finite cells in 3x3 0.1-degree window
Hohhot,呼和浩特,Hohhot,2020,32.99,9,9,ACAG SatPM2.5,V6.GL.03,mean of finite cells in 3x3 0.1-degree window
Hohhot,呼和浩特,Hohhot,2021,28.9794,9,9,ACAG SatPM2.5,V6.GL.03,mean of finite cells in 3x3 0.1-degree window
Hohhot,呼和浩特,Hohhot,2022,25.3428,9,9,ACAG SatPM2.5,V6.GL.03,mean of finite cells in 3x3 0.1-degree window
Hohhot,呼和浩特,Hohhot,2023,30.478,9,9,ACAG SatPM2.5,V6.GL.03,mean of finite cells in 3x3 0.1-degree window
Hohhot,呼和浩特,Hohhot,2024,28.7462,9,9,ACAG SatPM2.5,V6.GL.03,mean of finite cells in 3x3 0.1-degree window
Hong Kong,香港,Hong Kong,2015,23.3116,9,9,ACAG SatPM2.5,V6.GL.03,mean of finite cells in 3x3 0.1-degree window
Hong Kong,香港,Hong Kong,2016,20.5021,9,9,ACAG SatPM2.5,V6.GL.03,mean of finite cells in 3x3 0.1-degree window
Hong Kong,香港,Hong Kong,2017,22.3744,9,9,ACAG SatPM2.5,V6.GL.03,mean of finite cells in 3x3 0.1-degree window
Hong Kong,香港,Hong Kong,2018,21.3811,9,9,ACAG SatPM2.5,V6.GL.03,mean of finite cells in 3x3 0.1-degree window
Hong Kong,香港,Hong Kong,2019,20.2401,9,9,ACAG SatPM2.5,V6.GL.03,mean of finite cells in 3x3 0.1-degree window
Hong Kong,香港,Hong Kong,2020,16.1581,9,9,ACAG SatPM2.5,V6.GL.03,mean of finite cells in 3x3 0.1-degree window
Hong Kong,香港,Hong Kong,2021,15.9523,9,9,ACAG SatPM2.5,V6.GL.03,mean of finite cells in 3x3 0.1-degree window
Hong Kong,香港,Hong Kong,2022,15.3948,9,9,ACAG SatPM2.5,V6.GL.03,mean of finite cells in 3x3 0.1-degree window
Hong Kong,香港,Hong Kong,2023,15.4734,9,9,ACAG SatPM2.5,V6.GL.03,mean of finite cells in 3x3 0.1-degree window
Hong Kong,香港,Hong Kong,2024,15.3721,9,9,ACAG SatPM2.5,V6.GL.03,mean of finite cells in 3x3 0.1-degree window
Hulunbuir,呼伦贝尔,Hulunbuir,2015,21.8498,9,9,ACAG SatPM2.5,V6.GL.03,mean of finite cells in 3x3 0.1-degree window
Hulunbuir,呼伦贝尔,Hulunbuir,2016,16.7638,9,9,ACAG SatPM2.5,V6.GL.03,mean of finite cells in 3x3 0.1-degree window
Hulunbuir,呼伦贝尔,Hulunbuir,2017,13.2747,9,9,ACAG SatPM2.5,V6.GL.03,mean of finite cells in 3x3 0.1-degree window
Hulunbuir,呼伦贝尔,Hulunbuir,2018,12.1218,9,9,ACAG SatPM2.5,V6.GL.03,mean of finite cells in 3x3 0.1-degree window
Hulunbuir,呼伦贝尔,Hulunbuir,2019,14.2753,9,9,ACAG SatPM2.5,V6.GL.03,mean of finite cells in 3x3 0.1-degree window
Hulunbuir,呼伦贝尔,Hulunbuir,2020,12.8363,9,9,ACAG SatPM2.5,V6.GL.03,mean of finite cells in 3x3 0.1-degree window
Hulunbuir,呼伦贝尔,Hulunbuir,2021,13.8085,9,9,ACAG SatPM2.5,V6.GL.03,mean of finite cells in 3x3 0.1-degree window
Hulunbuir,呼伦贝尔,Hulunbuir,2022,15.361,9,9,ACAG SatPM2.5,V6.GL.03,mean of finite cells in 3x3 0.1-degree window
Hulunbuir,呼伦贝尔,Hulunbuir,2023,17.7589,9,9,ACAG SatPM2.5,V6.GL.03,mean of finite cells in 3x3 0.1-degree window
Hulunbuir,呼伦贝尔,Hulunbuir,2024,18.8825,9,9,ACAG SatPM2.5,V6.GL.03,mean of finite cells in 3x3 0.1-degree window
Istanbul,伊斯坦布尔,Istanbul,2015,20.4458,9,9,ACAG SatPM2.5,V6.GL.03,mean of finite cells in 3x3 0.1-degree window
Istanbul,伊斯坦布尔,Istanbul,2016,18.7792,9,9,ACAG SatPM2.5,V6.GL.03,mean of finite cells in 3x3 0.1-degree window
Istanbul,伊斯坦布尔,Istanbul,2017,20.8059,9,9,ACAG SatPM2.5,V6.GL.03,mean of finite cells in 3x3 0.1-degree window
Istanbul,伊斯坦布尔,Istanbul,2018,18.2241,9,9,ACAG SatPM2.5,V6.GL.03,mean of finite cells in 3x3 0.1-degree window
Istanbul,伊斯坦布尔,Istanbul,2019,17.4898,9,9,ACAG SatPM2.5,V6.GL.03,mean of finite cells in 3x3 0.1-degree window
Istanbul,伊斯坦布尔,Istanbul,2020,17.1099,9,9,ACAG SatPM2.5,V6.GL.03,mean of finite cells in 3x3 0.1-degree window
Istanbul,伊斯坦布尔,Istanbul,2021,16.7776,9,9,ACAG SatPM2.5,V6.GL.03,mean of finite cells in 3x3 0.1-degree window
Istanbul,伊斯坦布尔,Istanbul,2022,16.9833,9,9,ACAG SatPM2.5,V6.GL.03,mean of finite cells in 3x3 0.1-degree window
Istanbul,伊斯坦布尔,Istanbul,2023,17.8612,9,9,ACAG SatPM2.5,V6.GL.03,mean of finite cells in 3x3 0.1-degree window
Istanbul,伊斯坦布尔,Istanbul,2024,18.0509,9,9,ACAG SatPM2.5,V6.GL.03,mean of finite cells in 3x3 0.1-degree window
Jinan,济南,Jinan,2015,72.2179,9,9,ACAG SatPM2.5,V6.GL.03,mean of finite cells in 3x3 0.1-degree window
Jinan,济南,Jinan,2016,65.9162,9,9,ACAG SatPM2.5,V6.GL.03,mean of finite cells in 3x3 0.1-degree window
Jinan,济南,Jinan,2017,59.1285,9,9,ACAG SatPM2.5,V6.GL.03,mean of finite cells in 3x3 0.1-degree window
Jinan,济南,Jinan,2018,50.5098,9,9,ACAG SatPM2.5,V6.GL.03,mean of finite cells in 3x3 0.1-degree window
Jinan,济南,Jinan,2019,53.4578,9,9,ACAG SatPM2.5,V6.GL.03,mean of finite cells in 3x3 0.1-degree window
Jinan,济南,Jinan,2020,46.1725,9,9,ACAG SatPM2.5,V6.GL.03,mean of finite cells in 3x3 0.1-degree window
Jinan,济南,Jinan,2021,40.8084,9,9,ACAG SatPM2.5,V6.GL.03,mean of finite cells in 3x3 0.1-degree window
Jinan,济南,Jinan,2022,43.5739,9,9,ACAG SatPM2.5,V6.GL.03,mean of finite cells in 3x3 0.1-degree window
Jinan,济南,Jinan,2023,42.9096,9,9,ACAG SatPM2.5,V6.GL.03,mean of finite cells in 3x3 0.1-degree window
Jinan,济南,Jinan,2024,42.1926,9,9,ACAG SatPM2.5,V6.GL.03,mean of finite cells in 3x3 0.1-degree window
Kunming,昆明,Kunming,2015,27.6159,9,9,ACAG SatPM2.5,V6.GL.03,mean of finite cells in 3x3 0.1-degree window
Kunming,昆明,Kunming,2016,27.4049,9,9,ACAG SatPM2.5,V6.GL.03,mean of finite cells in 3x3 0.1-degree window
Kunming,昆明,Kunming,2017,26.3767,9,9,ACAG SatPM2.5,V6.GL.03,mean of finite cells in 3x3 0.1-degree window
Kunming,昆明,Kunming,2018,26.8434,9,9,ACAG SatPM2.5,V6.GL.03,mean of finite cells in 3x3 0.1-degree window
Kunming,昆明,Kunming,2019,24.3512,9,9,ACAG SatPM2.5,V6.GL.03,mean of finite cells in 3x3 0.1-degree window
Kunming,昆明,Kunming,2020,22.6393,9,9,ACAG SatPM2.5,V6.GL.03,mean of finite cells in 3x3 0.1-degree window
Kunming,昆明,Kunming,2021,24.452,9,9,ACAG SatPM2.5,V6.GL.03,mean of finite cells in 3x3 0.1-degree window
Kunming,昆明,Kunming,2022,24.0484,9,9,ACAG SatPM2.5,V6.GL.03,mean of finite cells in 3x3 0.1-degree window
Kunming,昆明,Kunming,2023,25.8287,9,9,ACAG SatPM2.5,V6.GL.03,mean of finite cells in 3x3 0.1-degree window
Kunming,昆明,Kunming,2024,22.9009,9,9,ACAG SatPM2.5,V6.GL.03,mean of finite cells in 3x3 0.1-degree window
Lanzhou,兰州,Lanzhou,2015,40.2209,9,9,ACAG SatPM2.5,V6.GL.03,mean of finite cells in 3x3 0.1-degree window
Lanzhou,兰州,Lanzhou,2016,39.4899,9,9,ACAG SatPM2.5,V6.GL.03,mean of finite cells in 3x3 0.1-degree window
Lanzhou,兰州,Lanzhou,2017,38.481,9,9,ACAG SatPM2.5,V6.GL.03,mean of finite cells in 3x3 0.1-degree window
Lanzhou,兰州,Lanzhou,2018,35.7135,9,9,ACAG SatPM2.5,V6.GL.03,mean of finite cells in 3x3 0.1-degree window
Lanzhou,兰州,Lanzhou,2019,28.8809,9,9,ACAG SatPM2.5,V6.GL.03,mean of finite cells in 3x3 0.1-degree window
Lanzhou,兰州,Lanzhou,2020,28.4754,9,9,ACAG SatPM2.5,V6.GL.03,mean of finite cells in 3x3 0.1-degree window
Lanzhou,兰州,Lanzhou,2021,29.2049,9,9,ACAG SatPM2.5,V6.GL.03,mean of finite cells in 3x3 0.1-degree window
Lanzhou,兰州,Lanzhou,2022,34.9824,9,9,ACAG SatPM2.5,V6.GL.03,mean of finite cells in 3x3 0.1-degree window
Lanzhou,兰州,Lanzhou,2023,38.6701,9,9,ACAG SatPM2.5,V6.GL.03,mean of finite cells in 3x3 0.1-degree window
Lanzhou,兰州,Lanzhou,2024,37.9988,9,9,ACAG SatPM2.5,V6.GL.03,mean of finite cells in 3x3 0.1-degree window
Lhasa,拉萨,Lhasa,2015,16.4638,9,9,ACAG SatPM2.5,V6.GL.03,mean of finite cells in 3x3 0.1-degree window
Lhasa,拉萨,Lhasa,2016,16.2439,9,9,ACAG SatPM2.5,V6.GL.03,mean of finite cells in 3x3 0.1-degree window
Lhasa,拉萨,Lhasa,2017,13.13,9,9,ACAG SatPM2.5,V6.GL.03,mean of finite cells in 3x3 0.1-degree window
Lhasa,拉萨,Lhasa,2018,12.5507,9,9,ACAG SatPM2.5,V6.GL.03,mean of finite cells in 3x3 0.1-degree window
Lhasa,拉萨,Lhasa,2019,8.7691,9,9,ACAG SatPM2.5,V6.GL.03,mean of finite cells in 3x3 0.1-degree window
Lhasa,拉萨,Lhasa,2020,9.4452,9,9,ACAG SatPM2.5,V6.GL.03,mean of finite cells in 3x3 0.1-degree window
Lhasa,拉萨,Lhasa,2021,10.3999,9,9,ACAG SatPM2.5,V6.GL.03,mean of finite cells in 3x3 0.1-degree window
Lhasa,拉萨,Lhasa,2022,9.9549,9,9,ACAG SatPM2.5,V6.GL.03,mean of finite cells in 3x3 0.1-degree window
Lhasa,拉萨,Lhasa,2023,10.8329,9,9,ACAG SatPM2.5,V6.GL.03,mean of finite cells in 3x3 0.1-degree window
Lhasa,拉萨,Lhasa,2024,10.8098,9,9,ACAG SatPM2.5,V6.GL.03,mean of finite cells in 3x3 0.1-degree window
London,伦敦,London,2015,10.5303,9,9,ACAG SatPM2.5,V6.GL.03,mean of finite cells in 3x3 0.1-degree window
London,伦敦,London,2016,11.4935,9,9,ACAG SatPM2.5,V6.GL.03,mean of finite cells in 3x3 0.1-degree window
London,伦敦,London,2017,11.3863,9,9,ACAG SatPM2.5,V6.GL.03,mean of finite cells in 3x3 0.1-degree window
London,伦敦,London,2018,11.4096,9,9,ACAG SatPM2.5,V6.GL.03,mean of finite cells in 3x3 0.1-degree window
London,伦敦,London,2019,11.0866,9,9,ACAG SatPM2.5,V6.GL.03,mean of finite cells in 3x3 0.1-degree window
London,伦敦,London,2020,8.7782,9,9,ACAG SatPM2.5,V6.GL.03,mean of finite cells in 3x3 0.1-degree window
London,伦敦,London,2021,9.1533,9,9,ACAG SatPM2.5,V6.GL.03,mean of finite cells in 3x3 0.1-degree window
London,伦敦,London,2022,9.2814,9,9,ACAG SatPM2.5,V6.GL.03,mean of finite cells in 3x3 0.1-degree window
London,伦敦,London,2023,8.5527,9,9,ACAG SatPM2.5,V6.GL.03,mean of finite cells in 3x3 0.1-degree window
London,伦敦,London,2024,8.545,9,9,ACAG SatPM2.5,V6.GL.03,mean of finite cells in 3x3 0.1-degree window
Los Angeles,洛杉矶,Los Angeles,2015,12.0207,9,9,ACAG SatPM2.5,V6.GL.03,mean of finite cells in 3x3 0.1-degree window
Los Angeles,洛杉矶,Los Angeles,2016,12.2695,9,9,ACAG SatPM2.5,V6.GL.03,mean of finite cells in 3x3 0.1-degree window
Los Angeles,洛杉矶,Los Angeles,2017,13.3748,9,9,ACAG SatPM2.5,V6.GL.03,mean of finite cells in 3x3 0.1-degree window
Los Angeles,洛杉矶,Los Angeles,2018,13.3474,9,9,ACAG SatPM2.5,V6.GL.03,mean of finite cells in 3x3 0.1-degree window
Los Angeles,洛杉矶,Los Angeles,2019,11.3399,9,9,ACAG SatPM2.5,V6.GL.03,mean of finite cells in 3x3 0.1-degree window
Los Angeles,洛杉矶,Los Angeles,2020,13.8113,9,9,ACAG SatPM2.5,V6.GL.03,mean of finite cells in 3x3 0.1-degree window
Los Angeles,洛杉矶,Los Angeles,2021,13.2345,9,9,ACAG SatPM2.5,V6.GL.03,mean of finite cells in 3x3 0.1-degree window
Los Angeles,洛杉矶,Los Angeles,2022,11.5,9,9,ACAG SatPM2.5,V6.GL.03,mean of finite cells in 3x3 0.1-degree window
Los Angeles,洛杉矶,Los Angeles,2023,11.6497,9,9,ACAG SatPM2.5,V6.GL.03,mean of finite cells in 3x3 0.1-degree window
Los Angeles,洛杉矶,Los Angeles,2024,13.3044,9,9,ACAG SatPM2.5,V6.GL.03,mean of finite cells in 3x3 0.1-degree window
Macau,澳门,Macau,2015,29.1455,9,9,ACAG SatPM2.5,V6.GL.03,mean of finite cells in 3x3 0.1-degree window
Macau,澳门,Macau,2016,25.3321,9,9,ACAG SatPM2.5,V6.GL.03,mean of finite cells in 3x3 0.1-degree window
Macau,澳门,Macau,2017,26.7764,9,9,ACAG SatPM2.5,V6.GL.03,mean of finite cells in 3x3 0.1-degree window
Macau,澳门,Macau,2018,25.2246,9,9,ACAG SatPM2.5,V6.GL.03,mean of finite cells in 3x3 0.1-degree window
Macau,澳门,Macau,2019,24.5575,9,9,ACAG SatPM2.5,V6.GL.03,mean of finite cells in 3x3 0.1-degree window
Macau,澳门,Macau,2020,19.3356,9,9,ACAG SatPM2.5,V6.GL.03,mean of finite cells in 3x3 0.1-degree window
Macau,澳门,Macau,2021,18.7178,9,9,ACAG SatPM2.5,V6.GL.03,mean of finite cells in 3x3 0.1-degree window
Macau,澳门,Macau,2022,18.9588,9,9,ACAG SatPM2.5,V6.GL.03,mean of finite cells in 3x3 0.1-degree window
Macau,澳门,Macau,2023,19.0509,9,9,ACAG SatPM2.5,V6.GL.03,mean of finite cells in 3x3 0.1-degree window
Macau,澳门,Macau,2024,18.0797,9,9,ACAG SatPM2.5,V6.GL.03,mean of finite cells in 3x3 0.1-degree window
Madrid,马德里,Madrid,2015,10.3503,9,9,ACAG SatPM2.5,V6.GL.03,mean of finite cells in 3x3 0.1-degree window
Madrid,马德里,Madrid,2016,10.3348,9,9,ACAG SatPM2.5,V6.GL.03,mean of finite cells in 3x3 0.1-degree window
Madrid,马德里,Madrid,2017,10.614,9,9,ACAG SatPM2.5,V6.GL.03,mean of finite cells in 3x3 0.1-degree window
Madrid,马德里,Madrid,2018,9.7528,9,9,ACAG SatPM2.5,V6.GL.03,mean of finite cells in 3x3 0.1-degree window
Madrid,马德里,Madrid,2019,9.9653,9,9,ACAG SatPM2.5,V6.GL.03,mean of finite cells in 3x3 0.1-degree window
Madrid,马德里,Madrid,2020,10.1776,9,9,ACAG SatPM2.5,V6.GL.03,mean of finite cells in 3x3 0.1-degree window
Madrid,马德里,Madrid,2021,9.9159,9,9,ACAG SatPM2.5,V6.GL.03,mean of finite cells in 3x3 0.1-degree window
Madrid,马德里,Madrid,2022,9.7111,9,9,ACAG SatPM2.5,V6.GL.03,mean of finite cells in 3x3 0.1-degree window
Madrid,马德里,Madrid,2023,9.9911,9,9,ACAG SatPM2.5,V6.GL.03,mean of finite cells in 3x3 0.1-degree window
Madrid,马德里,Madrid,2024,9.5347,9,9,ACAG SatPM2.5,V6.GL.03,mean of finite cells in 3x3 0.1-degree window
Melbourne,墨尔本,Melbourne,2015,5.9114,9,9,ACAG SatPM2.5,V6.GL.03,mean of finite cells in 3x3 0.1-degree window
Melbourne,墨尔本,Melbourne,2016,5.5813,9,9,ACAG SatPM2.5,V6.GL.03,mean of finite cells in 3x3 0.1-degree window
Melbourne,墨尔本,Melbourne,2017,5.5412,9,9,ACAG SatPM2.5,V6.GL.03,mean of finite cells in 3x3 0.1-degree window
Melbourne,墨尔本,Melbourne,2018,5.8936,9,9,ACAG SatPM2.5,V6.GL.03,mean of finite cells in 3x3 0.1-degree window
Melbourne,墨尔本,Melbourne,2019,7.3399,9,9,ACAG SatPM2.5,V6.GL.03,mean of finite cells in 3x3 0.1-degree window
Melbourne,墨尔本,Melbourne,2020,8.2932,9,9,ACAG SatPM2.5,V6.GL.03,mean of finite cells in 3x3 0.1-degree window
Melbourne,墨尔本,Melbourne,2021,4.8463,9,9,ACAG SatPM2.5,V6.GL.03,mean of finite cells in 3x3 0.1-degree window
Melbourne,墨尔本,Melbourne,2022,5.9121,9,9,ACAG SatPM2.5,V6.GL.03,mean of finite cells in 3x3 0.1-degree window
Melbourne,墨尔本,Melbourne,2023,4.7867,9,9,ACAG SatPM2.5,V6.GL.03,mean of finite cells in 3x3 0.1-degree window
Melbourne,墨尔本,Melbourne,2024,6.0047,9,9,ACAG SatPM2.5,V6.GL.03,mean of finite cells in 3x3 0.1-degree window
Mohe,漠河,Mohe,2015,18.0747,9,9,ACAG SatPM2.5,V6.GL.03,mean of finite cells in 3x3 0.1-degree window
Mohe,漠河,Mohe,2016,13.416,9,9,ACAG SatPM2.5,V6.GL.03,mean of finite cells in 3x3 0.1-degree window
Mohe,漠河,Mohe,2017,11.5908,9,9,ACAG SatPM2.5,V6.GL.03,mean of finite cells in 3x3 0.1-degree window
Mohe,漠河,Mohe,2018,11.1517,9,9,ACAG SatPM2.5,V6.GL.03,mean of finite cells in 3x3 0.1-degree window
Mohe,漠河,Mohe,2019,11.5934,9,9,ACAG SatPM2.5,V6.GL.03,mean of finite cells in 3x3 0.1-degree window
Mohe,漠河,Mohe,2020,10.5913,9,9,ACAG SatPM2.5,V6.GL.03,mean of finite cells in 3x3 0.1-degree window
Mohe,漠河,Mohe,2021,12.7371,9,9,ACAG SatPM2.5,V6.GL.03,mean of finite cells in 3x3 0.1-degree window
Mohe,漠河,Mohe,2022,11.3628,9,9,ACAG SatPM2.5,V6.GL.03,mean of finite cells in 3x3 0.1-degree window
Mohe,漠河,Mohe,2023,14.8449,9,9,ACAG SatPM2.5,V6.GL.03,mean of finite cells in 3x3 0.1-degree window
Mohe,漠河,Mohe,2024,17.6209,9,9,ACAG SatPM2.5,V6.GL.03,mean of finite cells in 3x3 0.1-degree window
Nairobi,内罗毕,Nairobi,2015,17.7717,9,9,ACAG SatPM2.5,V6.GL.03,mean of finite cells in 3x3 0.1-degree window
Nairobi,内罗毕,Nairobi,2016,18.0141,9,9,ACAG SatPM2.5,V6.GL.03,mean of finite cells in 3x3 0.1-degree window
Nairobi,内罗毕,Nairobi,2017,17.7135,9,9,ACAG SatPM2.5,V6.GL.03,mean of finite cells in 3x3 0.1-degree window
Nairobi,内罗毕,Nairobi,2018,17.5863,9,9,ACAG SatPM2.5,V6.GL.03,mean of finite cells in 3x3 0.1-degree window
Nairobi,内罗毕,Nairobi,2019,17.3182,9,9,ACAG SatPM2.5,V6.GL.03,mean of finite cells in 3x3 0.1-degree window
Nairobi,内罗毕,Nairobi,2020,18.9773,9,9,ACAG SatPM2.5,V6.GL.03,mean of finite cells in 3x3 0.1-degree window
Nairobi,内罗毕,Nairobi,2021,18.361,9,9,ACAG SatPM2.5,V6.GL.03,mean of finite cells in 3x3 0.1-degree window
Nairobi,内罗毕,Nairobi,2022,15.3419,9,9,ACAG SatPM2.5,V6.GL.03,mean of finite cells in 3x3 0.1-degree window
Nairobi,内罗毕,Nairobi,2023,16.1404,9,9,ACAG SatPM2.5,V6.GL.03,mean of finite cells in 3x3 0.1-degree window
Nairobi,内罗毕,Nairobi,2024,18.1796,9,9,ACAG SatPM2.5,V6.GL.03,mean of finite cells in 3x3 0.1-degree window
Nanjing,南京,Nanjing,2015,60.6707,9,9,ACAG SatPM2.5,V6.GL.03,mean of finite cells in 3x3 0.1-degree window
Nanjing,南京,Nanjing,2016,52.9746,9,9,ACAG SatPM2.5,V6.GL.03,mean of finite cells in 3x3 0.1-degree window
Nanjing,南京,Nanjing,2017,49.7715,9,9,ACAG SatPM2.5,V6.GL.03,mean of finite cells in 3x3 0.1-degree window
Nanjing,南京,Nanjing,2018,48.503,9,9,ACAG SatPM2.5,V6.GL.03,mean of finite cells in 3x3 0.1-degree window
Nanjing,南京,Nanjing,2019,44.8091,9,9,ACAG SatPM2.5,V6.GL.03,mean of finite cells in 3x3 0.1-degree window
Nanjing,南京,Nanjing,2020,38.6325,9,9,ACAG SatPM2.5,V6.GL.03,mean of finite cells in 3x3 0.1-degree window
Nanjing,南京,Nanjing,2021,36.5681,9,9,ACAG SatPM2.5,V6.GL.03,mean of finite cells in 3x3 0.1-degree window
Nanjing,南京,Nanjing,2022,38.7519,9,9,ACAG SatPM2.5,V6.GL.03,mean of finite cells in 3x3 0.1-degree window
Nanjing,南京,Nanjing,2023,41.0192,9,9,ACAG SatPM2.5,V6.GL.03,mean of finite cells in 3x3 0.1-degree window
Nanjing,南京,Nanjing,2024,40.9266,9,9,ACAG SatPM2.5,V6.GL.03,mean of finite cells in 3x3 0.1-degree window
Nanning,南宁,Nanning,2015,39.6397,9,9,ACAG SatPM2.5,V6.GL.03,mean of finite cells in 3x3 0.1-degree window
Nanning,南宁,Nanning,2016,35.4148,9,9,ACAG SatPM2.5,V6.GL.03,mean of finite cells in 3x3 0.1-degree window
Nanning,南宁,Nanning,2017,37.5151,9,9,ACAG SatPM2.5,V6.GL.03,mean of finite cells in 3x3 0.1-degree window
Nanning,南宁,Nanning,2018,36.046,9,9,ACAG SatPM2.5,V6.GL.03,mean of finite cells in 3x3 0.1-degree window
Nanning,南宁,Nanning,2019,33.5503,9,9,ACAG SatPM2.5,V6.GL.03,mean of finite cells in 3x3 0.1-degree window
Nanning,南宁,Nanning,2020,28.6479,9,9,ACAG SatPM2.5,V6.GL.03,mean of finite cells in 3x3 0.1-degree window
Nanning,南宁,Nanning,2021,28.3584,9,9,ACAG SatPM2.5,V6.GL.03,mean of finite cells in 3x3 0.1-degree window
Nanning,南宁,Nanning,2022,27.6018,9,9,ACAG SatPM2.5,V6.GL.03,mean of finite cells in 3x3 0.1-degree window
Nanning,南宁,Nanning,2023,26.9627,9,9,ACAG SatPM2.5,V6.GL.03,mean of finite cells in 3x3 0.1-degree window
Nanning,南宁,Nanning,2024,26.5561,9,9,ACAG SatPM2.5,V6.GL.03,mean of finite cells in 3x3 0.1-degree window
New York,纽约,New York,2015,9.6843,9,9,ACAG SatPM2.5,V6.GL.03,mean of finite cells in 3x3 0.1-degree window
New York,纽约,New York,2016,8.3648,9,9,ACAG SatPM2.5,V6.GL.03,mean of finite cells in 3x3 0.1-degree window
New York,纽约,New York,2017,8.2809,9,9,ACAG SatPM2.5,V6.GL.03,mean of finite cells in 3x3 0.1-degree window
New York,纽约,New York,2018,8.2898,9,9,ACAG SatPM2.5,V6.GL.03,mean of finite cells in 3x3 0.1-degree window
New York,纽约,New York,2019,8.0447,9,9,ACAG SatPM2.5,V6.GL.03,mean of finite cells in 3x3 0.1-degree window
New York,纽约,New York,2020,7.7688,9,9,ACAG SatPM2.5,V6.GL.03,mean of finite cells in 3x3 0.1-degree window
New York,纽约,New York,2021,9.131,9,9,ACAG SatPM2.5,V6.GL.03,mean of finite cells in 3x3 0.1-degree window
New York,纽约,New York,2022,7.7775,9,9,ACAG SatPM2.5,V6.GL.03,mean of finite cells in 3x3 0.1-degree window
New York,纽约,New York,2023,10.3949,9,9,ACAG SatPM2.5,V6.GL.03,mean of finite cells in 3x3 0.1-degree window
New York,纽约,New York,2024,7.9554,9,9,ACAG SatPM2.5,V6.GL.03,mean of finite cells in 3x3 0.1-degree window
Ningbo,宁波,Ningbo,2015,43.2255,9,9,ACAG SatPM2.5,V6.GL.03,mean of finite cells in 3x3 0.1-degree window
Ningbo,宁波,Ningbo,2016,36.7328,9,9,ACAG SatPM2.5,V6.GL.03,mean of finite cells in 3x3 0.1-degree window
Ningbo,宁波,Ningbo,2017,36.0415,9,9,ACAG SatPM2.5,V6.GL.03,mean of finite cells in 3x3 0.1-degree window
Ningbo,宁波,Ningbo,2018,31.7459,9,9,ACAG SatPM2.5,V6.GL.03,mean of finite cells in 3x3 0.1-degree window
Ningbo,宁波,Ningbo,2019,29.6386,9,9,ACAG SatPM2.5,V6.GL.03,mean of finite cells in 3x3 0.1-degree window
Ningbo,宁波,Ningbo,2020,25.7981,9,9,ACAG SatPM2.5,V6.GL.03,mean of finite cells in 3x3 0.1-degree window
Ningbo,宁波,Ningbo,2021,23.6514,9,9,ACAG SatPM2.5,V6.GL.03,mean of finite cells in 3x3 0.1-degree window
Ningbo,宁波,Ningbo,2022,25.3068,9,9,ACAG SatPM2.5,V6.GL.03,mean of finite cells in 3x3 0.1-degree window
Ningbo,宁波,Ningbo,2023,27.9235,9,9,ACAG SatPM2.5,V6.GL.03,mean of finite cells in 3x3 0.1-degree window
Ningbo,宁波,Ningbo,2024,28.6679,9,9,ACAG SatPM2.5,V6.GL.03,mean of finite cells in 3x3 0.1-degree window
Paris,巴黎,Paris,2015,14.1794,9,9,ACAG SatPM2.5,V6.GL.03,mean of finite cells in 3x3 0.1-degree window
Paris,巴黎,Paris,2016,13.4368,9,9,ACAG SatPM2.5,V6.GL.03,mean of finite cells in 3x3 0.1-degree window
Paris,巴黎,Paris,2017,12.3708,9,9,ACAG SatPM2.5,V6.GL.03,mean of finite cells in 3x3 0.1-degree window
Paris,巴黎,Paris,2018,13.7305,9,9,ACAG SatPM2.5,V6.GL.03,mean of finite cells in 3x3 0.1-degree window
Paris,巴黎,Paris,2019,12.1359,9,9,ACAG SatPM2.5,V6.GL.03,mean of finite cells in 3x3 0.1-degree window
Paris,巴黎,Paris,2020,10.4698,9,9,ACAG SatPM2.5,V6.GL.03,mean of finite cells in 3x3 0.1-degree window
Paris,巴黎,Paris,2021,11.6786,9,9,ACAG SatPM2.5,V6.GL.03,mean of finite cells in 3x3 0.1-degree window
Paris,巴黎,Paris,2022,11.8732,9,9,ACAG SatPM2.5,V6.GL.03,mean of finite cells in 3x3 0.1-degree window
Paris,巴黎,Paris,2023,10.7926,9,9,ACAG SatPM2.5,V6.GL.03,mean of finite cells in 3x3 0.1-degree window
Paris,巴黎,Paris,2024,10.1116,9,9,ACAG SatPM2.5,V6.GL.03,mean of finite cells in 3x3 0.1-degree window
Qingdao,青岛,Qingdao,2015,48.5761,9,9,ACAG SatPM2.5,V6.GL.03,mean of finite cells in 3x3 0.1-degree window
Qingdao,青岛,Qingdao,2016,45.1617,9,9,ACAG SatPM2.5,V6.GL.03,mean of finite cells in 3x3 0.1-degree window
Qingdao,青岛,Qingdao,2017,38.1026,9,9,ACAG SatPM2.5,V6.GL.03,mean of finite cells in 3x3 0.1-degree window
Qingdao,青岛,Qingdao,2018,33.6707,9,9,ACAG SatPM2.5,V6.GL.03,mean of finite cells in 3x3 0.1-degree window
Qingdao,青岛,Qingdao,2019,39.5388,9,9,ACAG SatPM2.5,V6.GL.03,mean of finite cells in 3x3 0.1-degree window
Qingdao,青岛,Qingdao,2020,32.6749,9,9,ACAG SatPM2.5,V6.GL.03,mean of finite cells in 3x3 0.1-degree window
Qingdao,青岛,Qingdao,2021,32.7072,9,9,ACAG SatPM2.5,V6.GL.03,mean of finite cells in 3x3 0.1-degree window
Qingdao,青岛,Qingdao,2022,30.5219,9,9,ACAG SatPM2.5,V6.GL.03,mean of finite cells in 3x3 0.1-degree window
Qingdao,青岛,Qingdao,2023,33.9036,9,9,ACAG SatPM2.5,V6.GL.03,mean of finite cells in 3x3 0.1-degree window
Qingdao,青岛,Qingdao,2024,30.4905,9,9,ACAG SatPM2.5,V6.GL.03,mean of finite cells in 3x3 0.1-degree window
Rome,罗马,Rome,2015,17.1771,9,9,ACAG SatPM2.5,V6.GL.03,mean of finite cells in 3x3 0.1-degree window
Rome,罗马,Rome,2016,15.3175,9,9,ACAG SatPM2.5,V6.GL.03,mean of finite cells in 3x3 0.1-degree window
Rome,罗马,Rome,2017,15.6047,9,9,ACAG SatPM2.5,V6.GL.03,mean of finite cells in 3x3 0.1-degree window
Rome,罗马,Rome,2018,14.5143,9,9,ACAG SatPM2.5,V6.GL.03,mean of finite cells in 3x3 0.1-degree window
Rome,罗马,Rome,2019,13.969,9,9,ACAG SatPM2.5,V6.GL.03,mean of finite cells in 3x3 0.1-degree window
Rome,罗马,Rome,2020,13.7702,9,9,ACAG SatPM2.5,V6.GL.03,mean of finite cells in 3x3 0.1-degree window
Rome,罗马,Rome,2021,13.0463,9,9,ACAG SatPM2.5,V6.GL.03,mean of finite cells in 3x3 0.1-degree window
Rome,罗马,Rome,2022,14.5868,9,9,ACAG SatPM2.5,V6.GL.03,mean of finite cells in 3x3 0.1-degree window
Rome,罗马,Rome,2023,14.0557,9,9,ACAG SatPM2.5,V6.GL.03,mean of finite cells in 3x3 0.1-degree window
Rome,罗马,Rome,2024,12.7675,9,9,ACAG SatPM2.5,V6.GL.03,mean of finite cells in 3x3 0.1-degree window
San Francisco,旧金山,San Francisco,2015,8.9824,9,9,ACAG SatPM2.5,V6.GL.03,mean of finite cells in 3x3 0.1-degree window
San Francisco,旧金山,San Francisco,2016,7.3215,9,9,ACAG SatPM2.5,V6.GL.03,mean of finite cells in 3x3 0.1-degree window
San Francisco,旧金山,San Francisco,2017,10.4106,9,9,ACAG SatPM2.5,V6.GL.03,mean of finite cells in 3x3 0.1-degree window
San Francisco,旧金山,San Francisco,2018,11.3423,9,9,ACAG SatPM2.5,V6.GL.03,mean of finite cells in 3x3 0.1-degree window
San Francisco,旧金山,San Francisco,2019,7.5577,9,9,ACAG SatPM2.5,V6.GL.03,mean of finite cells in 3x3 0.1-degree window
San Francisco,旧金山,San Francisco,2020,11.7617,9,9,ACAG SatPM2.5,V6.GL.03,mean of finite cells in 3x3 0.1-degree window
San Francisco,旧金山,San Francisco,2021,9.6757,9,9,ACAG SatPM2.5,V6.GL.03,mean of finite cells in 3x3 0.1-degree window
San Francisco,旧金山,San Francisco,2022,8.6383,9,9,ACAG SatPM2.5,V6.GL.03,mean of finite cells in 3x3 0.1-degree window
San Francisco,旧金山,San Francisco,2023,7.7723,9,9,ACAG SatPM2.5,V6.GL.03,mean of finite cells in 3x3 0.1-degree window
San Francisco,旧金山,San Francisco,2024,8.3705,9,9,ACAG SatPM2.5,V6.GL.03,mean of finite cells in 3x3 0.1-degree window
Sanya,三亚,Sanya,2015,16.8,9,9,ACAG SatPM2.5,V6.GL.03,mean of finite cells in 3x3 0.1-degree window
Sanya,三亚,Sanya,2016,15.1369,9,9,ACAG SatPM2.5,V6.GL.03,mean of finite cells in 3x3 0.1-degree window
Sanya,三亚,Sanya,2017,15.3634,9,9,ACAG SatPM2.5,V6.GL.03,mean of finite cells in 3x3 0.1-degree window
Sanya,三亚,Sanya,2018,14.4878,9,9,ACAG SatPM2.5,V6.GL.03,mean of finite cells in 3x3 0.1-degree window
Sanya,三亚,Sanya,2019,12.5861,9,9,ACAG SatPM2.5,V6.GL.03,mean of finite cells in 3x3 0.1-degree window
Sanya,三亚,Sanya,2020,11.4443,9,9,ACAG SatPM2.5,V6.GL.03,mean of finite cells in 3x3 0.1-degree window
Sanya,三亚,Sanya,2021,13.2547,9,9,ACAG SatPM2.5,V6.GL.03,mean of finite cells in 3x3 0.1-degree window
Sanya,三亚,Sanya,2022,11.9386,9,9,ACAG SatPM2.5,V6.GL.03,mean of finite cells in 3x3 0.1-degree window
Sanya,三亚,Sanya,2023,13.9044,9,9,ACAG SatPM2.5,V6.GL.03,mean of finite cells in 3x3 0.1-degree window
Sanya,三亚,Sanya,2024,12.4453,9,9,ACAG SatPM2.5,V6.GL.03,mean of finite cells in 3x3 0.1-degree window
Seattle,西雅图,Seattle,2015,6.7587,9,9,ACAG SatPM2.5,V6.GL.03,mean of finite cells in 3x3 0.1-degree window
Seattle,西雅图,Seattle,2016,5.4533,9,9,ACAG SatPM2.5,V6.GL.03,mean of finite cells in 3x3 0.1-degree window
Seattle,西雅图,Seattle,2017,7.8784,9,9,ACAG SatPM2.5,V6.GL.03,mean of finite cells in 3x3 0.1-degree window
Seattle,西雅图,Seattle,2018,6.5209,9,9,ACAG SatPM2.5,V6.GL.03,mean of finite cells in 3x3 0.1-degree window
Seattle,西雅图,Seattle,2019,5.2717,9,9,ACAG SatPM2.5,V6.GL.03,mean of finite cells in 3x3 0.1-degree window
Seattle,西雅图,Seattle,2020,7.6887,9,9,ACAG SatPM2.5,V6.GL.03,mean of finite cells in 3x3 0.1-degree window
Seattle,西雅图,Seattle,2021,5.6615,9,9,ACAG SatPM2.5,V6.GL.03,mean of finite cells in 3x3 0.1-degree window
Seattle,西雅图,Seattle,2022,7.066,9,9,ACAG SatPM2.5,V6.GL.03,mean of finite cells in 3x3 0.1-degree window
Seattle,西雅图,Seattle,2023,5.6631,9,9,ACAG SatPM2.5,V6.GL.03,mean of finite cells in 3x3 0.1-degree window
Seattle,西雅图,Seattle,2024,5.3335,9,9,ACAG SatPM2.5,V6.GL.03,mean of finite cells in 3x3 0.1-degree window
Seoul,首尔,Seoul,2015,24.8644,9,9,ACAG SatPM2.5,V6.GL.03,mean of finite cells in 3x3 0.1-degree window
Seoul,首尔,Seoul,2016,27.0452,9,9,ACAG SatPM2.5,V6.GL.03,mean of finite cells in 3x3 0.1-degree window
Seoul,首尔,Seoul,2017,25.1955,9,9,ACAG SatPM2.5,V6.GL.03,mean of finite cells in 3x3 0.1-degree window
Seoul,首尔,Seoul,2018,23.4257,9,9,ACAG SatPM2.5,V6.GL.03,mean of finite cells in 3x3 0.1-degree window
Seoul,首尔,Seoul,2019,24.7952,9,9,ACAG SatPM2.5,V6.GL.03,mean of finite cells in 3x3 0.1-degree window
Seoul,首尔,Seoul,2020,22.0737,9,9,ACAG SatPM2.5,V6.GL.03,mean of finite cells in 3x3 0.1-degree window
Seoul,首尔,Seoul,2021,20.2509,9,9,ACAG SatPM2.5,V6.GL.03,mean of finite cells in 3x3 0.1-degree window
Seoul,首尔,Seoul,2022,20.1615,9,9,ACAG SatPM2.5,V6.GL.03,mean of finite cells in 3x3 0.1-degree window
Seoul,首尔,Seoul,2023,21.4582,9,9,ACAG SatPM2.5,V6.GL.03,mean of finite cells in 3x3 0.1-degree window
Seoul,首尔,Seoul,2024,24.4449,9,9,ACAG SatPM2.5,V6.GL.03,mean of finite cells in 3x3 0.1-degree window
Shanghai,上海,Shanghai,2015,51.8514,9,9,ACAG SatPM2.5,V6.GL.03,mean of finite cells in 3x3 0.1-degree window
Shanghai,上海,Shanghai,2016,44.3677,9,9,ACAG SatPM2.5,V6.GL.03,mean of finite cells in 3x3 0.1-degree window
Shanghai,上海,Shanghai,2017,39.7335,9,9,ACAG SatPM2.5,V6.GL.03,mean of finite cells in 3x3 0.1-degree window
Shanghai,上海,Shanghai,2018,37.14,9,9,ACAG SatPM2.5,V6.GL.03,mean of finite cells in 3x3 0.1-degree window
Shanghai,上海,Shanghai,2019,35.6213,9,9,ACAG SatPM2.5,V6.GL.03,mean of finite cells in 3x3 0.1-degree window
Shanghai,上海,Shanghai,2020,31.9634,9,9,ACAG SatPM2.5,V6.GL.03,mean of finite cells in 3x3 0.1-degree window
Shanghai,上海,Shanghai,2021,29.5087,9,9,ACAG SatPM2.5,V6.GL.03,mean of finite cells in 3x3 0.1-degree window
Shanghai,上海,Shanghai,2022,31.1244,9,9,ACAG SatPM2.5,V6.GL.03,mean of finite cells in 3x3 0.1-degree window
Shanghai,上海,Shanghai,2023,36.6345,9,9,ACAG SatPM2.5,V6.GL.03,mean of finite cells in 3x3 0.1-degree window
Shanghai,上海,Shanghai,2024,35.8854,9,9,ACAG SatPM2.5,V6.GL.03,mean of finite cells in 3x3 0.1-degree window
Shenyang,沈阳,Shenyang,2015,62.8375,9,9,ACAG SatPM2.5,V6.GL.03,mean of finite cells in 3x3 0.1-degree window
Shenyang,沈阳,Shenyang,2016,50.6934,9,9,ACAG SatPM2.5,V6.GL.03,mean of finite cells in 3x3 0.1-degree window
Shenyang,沈阳,Shenyang,2017,49.0484,9,9,ACAG SatPM2.5,V6.GL.03,mean of finite cells in 3x3 0.1-degree window
Shenyang,沈阳,Shenyang,2018,40.942,9,9,ACAG SatPM2.5,V6.GL.03,mean of finite cells in 3x3 0.1-degree window
Shenyang,沈阳,Shenyang,2019,43.6884,9,9,ACAG SatPM2.5,V6.GL.03,mean of finite cells in 3x3 0.1-degree window
Shenyang,沈阳,Shenyang,2020,43.2311,9,9,ACAG SatPM2.5,V6.GL.03,mean of finite cells in 3x3 0.1-degree window
Shenyang,沈阳,Shenyang,2021,38.3118,9,9,ACAG SatPM2.5,V6.GL.03,mean of finite cells in 3x3 0.1-degree window
Shenyang,沈阳,Shenyang,2022,37.3564,9,9,ACAG SatPM2.5,V6.GL.03,mean of finite cells in 3x3 0.1-degree window
Shenyang,沈阳,Shenyang,2023,39.7625,9,9,ACAG SatPM2.5,V6.GL.03,mean of finite cells in 3x3 0.1-degree window
Shenyang,沈阳,Shenyang,2024,40.0086,9,9,ACAG SatPM2.5,V6.GL.03,mean of finite cells in 3x3 0.1-degree window
Shenzhen,深圳,Shenzhen,2015,29.1689,9,9,ACAG SatPM2.5,V6.GL.03,mean of finite cells in 3x3 0.1-degree window
Shenzhen,深圳,Shenzhen,2016,26.5874,9,9,ACAG SatPM2.5,V6.GL.03,mean of finite cells in 3x3 0.1-degree window
Shenzhen,深圳,Shenzhen,2017,28.1794,9,9,ACAG SatPM2.5,V6.GL.03,mean of finite cells in 3x3 0.1-degree window
Shenzhen,深圳,Shenzhen,2018,26.4946,9,9,ACAG SatPM2.5,V6.GL.03,mean of finite cells in 3x3 0.1-degree window
Shenzhen,深圳,Shenzhen,2019,25.5169,9,9,ACAG SatPM2.5,V6.GL.03,mean of finite cells in 3x3 0.1-degree window
Shenzhen,深圳,Shenzhen,2020,20.2586,9,9,ACAG SatPM2.5,V6.GL.03,mean of finite cells in 3x3 0.1-degree window
Shenzhen,深圳,Shenzhen,2021,19.6877,9,9,ACAG SatPM2.5,V6.GL.03,mean of finite cells in 3x3 0.1-degree window
Shenzhen,深圳,Shenzhen,2022,20.9099,9,9,ACAG SatPM2.5,V6.GL.03,mean of finite cells in 3x3 0.1-degree window
Shenzhen,深圳,Shenzhen,2023,20.3788,9,9,ACAG SatPM2.5,V6.GL.03,mean of finite cells in 3x3 0.1-degree window
Shenzhen,深圳,Shenzhen,2024,20.8852,9,9,ACAG SatPM2.5,V6.GL.03,mean of finite cells in 3x3 0.1-degree window
Shijiazhuang,石家庄,Shijiazhuang,2015,90.0988,9,9,ACAG SatPM2.5,V6.GL.03,mean of finite cells in 3x3 0.1-degree window
Shijiazhuang,石家庄,Shijiazhuang,2016,89.9019,9,9,ACAG SatPM2.5,V6.GL.03,mean of finite cells in 3x3 0.1-degree window
Shijiazhuang,石家庄,Shijiazhuang,2017,79.0962,9,9,ACAG SatPM2.5,V6.GL.03,mean of finite cells in 3x3 0.1-degree window
Shijiazhuang,石家庄,Shijiazhuang,2018,67.8744,9,9,ACAG SatPM2.5,V6.GL.03,mean of finite cells in 3x3 0.1-degree window
Shijiazhuang,石家庄,Shijiazhuang,2019,65.0568,9,9,ACAG SatPM2.5,V6.GL.03,mean of finite cells in 3x3 0.1-degree window
Shijiazhuang,石家庄,Shijiazhuang,2020,60.5645,9,9,ACAG SatPM2.5,V6.GL.03,mean of finite cells in 3x3 0.1-degree window
Shijiazhuang,石家庄,Shijiazhuang,2021,53.8703,9,9,ACAG SatPM2.5,V6.GL.03,mean of finite cells in 3x3 0.1-degree window
Shijiazhuang,石家庄,Shijiazhuang,2022,62.5459,9,9,ACAG SatPM2.5,V6.GL.03,mean of finite cells in 3x3 0.1-degree window
Shijiazhuang,石家庄,Shijiazhuang,2023,61.0086,9,9,ACAG SatPM2.5,V6.GL.03,mean of finite cells in 3x3 0.1-degree window
Shijiazhuang,石家庄,Shijiazhuang,2024,64.9746,9,9,ACAG SatPM2.5,V6.GL.03,mean of finite cells in 3x3 0.1-degree window
Singapore,新加坡,Singapore,2015,29.6591,9,9,ACAG SatPM2.5,V6.GL.03,mean of finite cells in 3x3 0.1-degree window
Singapore,新加坡,Singapore,2016,14.8287,9,9,ACAG SatPM2.5,V6.GL.03,mean of finite cells in 3x3 0.1-degree window
Singapore,新加坡,Singapore,2017,13.2928,9,9,ACAG SatPM2.5,V6.GL.03,mean of finite cells in 3x3 0.1-degree window
Singapore,新加坡,Singapore,2018,15.4452,9,9,ACAG SatPM2.5,V6.GL.03,mean of finite cells in 3x3 0.1-degree window
Singapore,新加坡,Singapore,2019,18.3568,9,9,ACAG SatPM2.5,V6.GL.03,mean of finite cells in 3x3 0.1-degree window
Singapore,新加坡,Singapore,2020,10.7763,9,9,ACAG SatPM2.5,V6.GL.03,mean of finite cells in 3x3 0.1-degree window
Singapore,新加坡,Singapore,2021,13.8661,9,9,ACAG SatPM2.5,V6.GL.03,mean of finite cells in 3x3 0.1-degree window
Singapore,新加坡,Singapore,2022,13.1336,9,9,ACAG SatPM2.5,V6.GL.03,mean of finite cells in 3x3 0.1-degree window
Singapore,新加坡,Singapore,2023,14.6752,9,9,ACAG SatPM2.5,V6.GL.03,mean of finite cells in 3x3 0.1-degree window
Singapore,新加坡,Singapore,2024,13.5515,9,9,ACAG SatPM2.5,V6.GL.03,mean of finite cells in 3x3 0.1-degree window
Stockholm,斯德哥尔摩,Stockholm,2015,6.0362,9,9,ACAG SatPM2.5,V6.GL.03,mean of finite cells in 3x3 0.1-degree window
Stockholm,斯德哥尔摩,Stockholm,2016,5.9778,9,9,ACAG SatPM2.5,V6.GL.03,mean of finite cells in 3x3 0.1-degree window
Stockholm,斯德哥尔摩,Stockholm,2017,5.2491,9,9,ACAG SatPM2.5,V6.GL.03,mean of finite cells in 3x3 0.1-degree window
Stockholm,斯德哥尔摩,Stockholm,2018,6.3942,9,9,ACAG SatPM2.5,V6.GL.03,mean of finite cells in 3x3 0.1-degree window
Stockholm,斯德哥尔摩,Stockholm,2019,5.6488,9,9,ACAG SatPM2.5,V6.GL.03,mean of finite cells in 3x3 0.1-degree window
Stockholm,斯德哥尔摩,Stockholm,2020,5.689,9,9,ACAG SatPM2.5,V6.GL.03,mean of finite cells in 3x3 0.1-degree window
Stockholm,斯德哥尔摩,Stockholm,2021,5.8872,9,9,ACAG SatPM2.5,V6.GL.03,mean of finite cells in 3x3 0.1-degree window
Stockholm,斯德哥尔摩,Stockholm,2022,5.378,9,9,ACAG SatPM2.5,V6.GL.03,mean of finite cells in 3x3 0.1-degree window
Stockholm,斯德哥尔摩,Stockholm,2023,5.5332,9,9,ACAG SatPM2.5,V6.GL.03,mean of finite cells in 3x3 0.1-degree window
Stockholm,斯德哥尔摩,Stockholm,2024,5.9715,9,9,ACAG SatPM2.5,V6.GL.03,mean of finite cells in 3x3 0.1-degree window
Suzhou,苏州,Suzhou,2015,57.3686,9,9,ACAG SatPM2.5,V6.GL.03,mean of finite cells in 3x3 0.1-degree window
Suzhou,苏州,Suzhou,2016,48.4781,9,9,ACAG SatPM2.5,V6.GL.03,mean of finite cells in 3x3 0.1-degree window
Suzhou,苏州,Suzhou,2017,45.4228,9,9,ACAG SatPM2.5,V6.GL.03,mean of finite cells in 3x3 0.1-degree window
Suzhou,苏州,Suzhou,2018,43.2402,9,9,ACAG SatPM2.5,V6.GL.03,mean of finite cells in 3x3 0.1-degree window
Suzhou,苏州,Suzhou,2019,41.2388,9,9,ACAG SatPM2.5,V6.GL.03,mean of finite cells in 3x3 0.1-degree window
Suzhou,苏州,Suzhou,2020,34.3934,9,9,ACAG SatPM2.5,V6.GL.03,mean of finite cells in 3x3 0.1-degree window
Suzhou,苏州,Suzhou,2021,33.1441,9,9,ACAG SatPM2.5,V6.GL.03,mean of finite cells in 3x3 0.1-degree window
Suzhou,苏州,Suzhou,2022,33.3668,9,9,ACAG SatPM2.5,V6.GL.03,mean of finite cells in 3x3 0.1-degree window
Suzhou,苏州,Suzhou,2023,36.1654,9,9,ACAG SatPM2.5,V6.GL.03,mean of finite cells in 3x3 0.1-degree window
Suzhou,苏州,Suzhou,2024,34.5813,9,9,ACAG SatPM2.5,V6.GL.03,mean of finite cells in 3x3 0.1-degree window
Sydney,悉尼,Sydney,2015,6.9117,9,9,ACAG SatPM2.5,V6.GL.03,mean of finite cells in 3x3 0.1-degree window
Sydney,悉尼,Sydney,2016,6.8718,9,9,ACAG SatPM2.5,V6.GL.03,mean of finite cells in 3x3 0.1-degree window
Sydney,悉尼,Sydney,2017,6.6979,9,9,ACAG SatPM2.5,V6.GL.03,mean of finite cells in 3x3 0.1-degree window
Sydney,悉尼,Sydney,2018,7.6099,9,9,ACAG SatPM2.5,V6.GL.03,mean of finite cells in 3x3 0.1-degree window
Sydney,悉尼,Sydney,2019,10.7594,9,9,ACAG SatPM2.5,V6.GL.03,mean of finite cells in 3x3 0.1-degree window
Sydney,悉尼,Sydney,2020,7.8195,9,9,ACAG SatPM2.5,V6.GL.03,mean of finite cells in 3x3 0.1-degree window
Sydney,悉尼,Sydney,2021,5.129,9,9,ACAG SatPM2.5,V6.GL.03,mean of finite cells in 3x3 0.1-degree window
Sydney,悉尼,Sydney,2022,5.1258,9,9,ACAG SatPM2.5,V6.GL.03,mean of finite cells in 3x3 0.1-degree window
Sydney,悉尼,Sydney,2023,5.6164,9,9,ACAG SatPM2.5,V6.GL.03,mean of finite cells in 3x3 0.1-degree window
Sydney,悉尼,Sydney,2024,5.7669,9,9,ACAG SatPM2.5,V6.GL.03,mean of finite cells in 3x3 0.1-degree window
Taipei,台北,Taipei,2015,15.2209,9,9,ACAG SatPM2.5,V6.GL.03,mean of finite cells in 3x3 0.1-degree window
Taipei,台北,Taipei,2016,14.4574,9,9,ACAG SatPM2.5,V6.GL.03,mean of finite cells in 3x3 0.1-degree window
Taipei,台北,Taipei,2017,16.0611,9,9,ACAG SatPM2.5,V6.GL.03,mean of finite cells in 3x3 0.1-degree window
Taipei,台北,Taipei,2018,13.9317,9,9,ACAG SatPM2.5,V6.GL.03,mean of finite cells in 3x3 0.1-degree window
Taipei,台北,Taipei,2019,12.7806,9,9,ACAG SatPM2.5,V6.GL.03,mean of finite cells in 3x3 0.1-degree window
Taipei,台北,Taipei,2020,11.9317,9,9,ACAG SatPM2.5,V6.GL.03,mean of finite cells in 3x3 0.1-degree window
Taipei,台北,Taipei,2021,12.6534,9,9,ACAG SatPM2.5,V6.GL.03,mean of finite cells in 3x3 0.1-degree window
Taipei,台北,Taipei,2022,13.9163,9,9,ACAG SatPM2.5,V6.GL.03,mean of finite cells in 3x3 0.1-degree window
Taipei,台北,Taipei,2023,14.5021,9,9,ACAG SatPM2.5,V6.GL.03,mean of finite cells in 3x3 0.1-degree window
Taipei,台北,Taipei,2024,13.6128,9,9,ACAG SatPM2.5,V6.GL.03,mean of finite cells in 3x3 0.1-degree window
Taiyuan,太原,Taiyuan,2015,54.343,9,9,ACAG SatPM2.5,V6.GL.03,mean of finite cells in 3x3 0.1-degree window
Taiyuan,太原,Taiyuan,2016,56.4406,9,9,ACAG SatPM2.5,V6.GL.03,mean of finite cells in 3x3 0.1-degree window
Taiyuan,太原,Taiyuan,2017,57.4622,9,9,ACAG SatPM2.5,V6.GL.03,mean of finite cells in 3x3 0.1-degree window
Taiyuan,太原,Taiyuan,2018,50.5307,9,9,ACAG SatPM2.5,V6.GL.03,mean of finite cells in 3x3 0.1-degree window
Taiyuan,太原,Taiyuan,2019,47.2969,9,9,ACAG SatPM2.5,V6.GL.03,mean of finite cells in 3x3 0.1-degree window
Taiyuan,太原,Taiyuan,2020,43.8969,9,9,ACAG SatPM2.5,V6.GL.03,mean of finite cells in 3x3 0.1-degree window
Taiyuan,太原,Taiyuan,2021,42.0544,9,9,ACAG SatPM2.5,V6.GL.03,mean of finite cells in 3x3 0.1-degree window
Taiyuan,太原,Taiyuan,2022,47.7382,9,9,ACAG SatPM2.5,V6.GL.03,mean of finite cells in 3x3 0.1-degree window
Taiyuan,太原,Taiyuan,2023,45.9687,9,9,ACAG SatPM2.5,V6.GL.03,mean of finite cells in 3x3 0.1-degree window
Taiyuan,太原,Taiyuan,2024,44.7617,9,9,ACAG SatPM2.5,V6.GL.03,mean of finite cells in 3x3 0.1-degree window
Tianjin,天津,Tianjin,2015,75.8171,9,9,ACAG SatPM2.5,V6.GL.03,mean of finite cells in 3x3 0.1-degree window
Tianjin,天津,Tianjin,2016,70.0034,9,9,ACAG SatPM2.5,V6.GL.03,mean of finite cells in 3x3 0.1-degree window
Tianjin,天津,Tianjin,2017,62.43,9,9,ACAG SatPM2.5,V6.GL.03,mean of finite cells in 3x3 0.1-degree window
Tianjin,天津,Tianjin,2018,52.1813,9,9,ACAG SatPM2.5,V6.GL.03,mean of finite cells in 3x3 0.1-degree window
Tianjin,天津,Tianjin,2019,51.8228,9,9,ACAG SatPM2.5,V6.GL.03,mean of finite cells in 3x3 0.1-degree window
Tianjin,天津,Tianjin,2020,49.9658,9,9,ACAG SatPM2.5,V6.GL.03,mean of finite cells in 3x3 0.1-degree window
Tianjin,天津,Tianjin,2021,44.421,9,9,ACAG SatPM2.5,V6.GL.03,mean of finite cells in 3x3 0.1-degree window
Tianjin,天津,Tianjin,2022,40.7837,9,9,ACAG SatPM2.5,V6.GL.03,mean of finite cells in 3x3 0.1-degree window
Tianjin,天津,Tianjin,2023,44.6314,9,9,ACAG SatPM2.5,V6.GL.03,mean of finite cells in 3x3 0.1-degree window
Tianjin,天津,Tianjin,2024,38.8146,9,9,ACAG SatPM2.5,V6.GL.03,mean of finite cells in 3x3 0.1-degree window
Tokyo,东京,Tokyo,2015,15.9862,9,9,ACAG SatPM2.5,V6.GL.03,mean of finite cells in 3x3 0.1-degree window
Tokyo,东京,Tokyo,2016,14.8995,9,9,ACAG SatPM2.5,V6.GL.03,mean of finite cells in 3x3 0.1-degree window
Tokyo,东京,Tokyo,2017,14.3668,9,9,ACAG SatPM2.5,V6.GL.03,mean of finite cells in 3x3 0.1-degree window
Tokyo,东京,Tokyo,2018,14.5335,9,9,ACAG SatPM2.5,V6.GL.03,mean of finite cells in 3x3 0.1-degree window
Tokyo,东京,Tokyo,2019,14.9644,9,9,ACAG SatPM2.5,V6.GL.03,mean of finite cells in 3x3 0.1-degree window
Tokyo,东京,Tokyo,2020,14.3723,9,9,ACAG SatPM2.5,V6.GL.03,mean of finite cells in 3x3 0.1-degree window
Tokyo,东京,Tokyo,2021,14.0972,9,9,ACAG SatPM2.5,V6.GL.03,mean of finite cells in 3x3 0.1-degree window
Tokyo,东京,Tokyo,2022,15.0185,9,9,ACAG SatPM2.5,V6.GL.03,mean of finite cells in 3x3 0.1-degree window
Tokyo,东京,Tokyo,2023,13.5423,9,9,ACAG SatPM2.5,V6.GL.03,mean of finite cells in 3x3 0.1-degree window
Tokyo,东京,Tokyo,2024,13.3758,9,9,ACAG SatPM2.5,V6.GL.03,mean of finite cells in 3x3 0.1-degree window
Toronto,多伦多,Toronto,2015,8.5061,9,9,ACAG SatPM2.5,V6.GL.03,mean of finite cells in 3x3 0.1-degree window
Toronto,多伦多,Toronto,2016,6.9121,9,9,ACAG SatPM2.5,V6.GL.03,mean of finite cells in 3x3 0.1-degree window
Toronto,多伦多,Toronto,2017,7.5689,9,9,ACAG SatPM2.5,V6.GL.03,mean of finite cells in 3x3 0.1-degree window
Toronto,多伦多,Toronto,2018,7.6171,9,9,ACAG SatPM2.5,V6.GL.03,mean of finite cells in 3x3 0.1-degree window
Toronto,多伦多,Toronto,2019,6.8677,9,9,ACAG SatPM2.5,V6.GL.03,mean of finite cells in 3x3 0.1-degree window
Toronto,多伦多,Toronto,2020,6.7672,9,9,ACAG SatPM2.5,V6.GL.03,mean of finite cells in 3x3 0.1-degree window
Toronto,多伦多,Toronto,2021,7.857,9,9,ACAG SatPM2.5,V6.GL.03,mean of finite cells in 3x3 0.1-degree window
Toronto,多伦多,Toronto,2022,6.9067,9,9,ACAG SatPM2.5,V6.GL.03,mean of finite cells in 3x3 0.1-degree window
Toronto,多伦多,Toronto,2023,9.882,9,9,ACAG SatPM2.5,V6.GL.03,mean of finite cells in 3x3 0.1-degree window
Toronto,多伦多,Toronto,2024,7.1741,9,9,ACAG SatPM2.5,V6.GL.03,mean of finite cells in 3x3 0.1-degree window
Urumqi,乌鲁木齐,Urumqi,2015,45.0103,9,9,ACAG SatPM2.5,V6.GL.03,mean of finite cells in 3x3 0.1-degree window
Urumqi,乌鲁木齐,Urumqi,2016,51.3481,9,9,ACAG SatPM2.5,V6.GL.03,mean of finite cells in 3x3 0.1-degree window
Urumqi,乌鲁木齐,Urumqi,2017,53.1643,9,9,ACAG SatPM2.5,V6.GL.03,mean of finite cells in 3x3 0.1-degree window
Urumqi,乌鲁木齐,Urumqi,2018,47.1944,9,9,ACAG SatPM2.5,V6.GL.03,mean of finite cells in 3x3 0.1-degree window
Urumqi,乌鲁木齐,Urumqi,2019,42.6276,9,9,ACAG SatPM2.5,V6.GL.03,mean of finite cells in 3x3 0.1-degree window
Urumqi,乌鲁木齐,Urumqi,2020,42.8088,9,9,ACAG SatPM2.5,V6.GL.03,mean of finite cells in 3x3 0.1-degree window
Urumqi,乌鲁木齐,Urumqi,2021,39.1753,9,9,ACAG SatPM2.5,V6.GL.03,mean of finite cells in 3x3 0.1-degree window
Urumqi,乌鲁木齐,Urumqi,2022,49.7339,9,9,ACAG SatPM2.5,V6.GL.03,mean of finite cells in 3x3 0.1-degree window
Urumqi,乌鲁木齐,Urumqi,2023,45.9937,9,9,ACAG SatPM2.5,V6.GL.03,mean of finite cells in 3x3 0.1-degree window
Urumqi,乌鲁木齐,Urumqi,2024,45.3256,9,9,ACAG SatPM2.5,V6.GL.03,mean of finite cells in 3x3 0.1-degree window
Vancouver,温哥华,Vancouver,2015,5.9287,9,9,ACAG SatPM2.5,V6.GL.03,mean of finite cells in 3x3 0.1-degree window
Vancouver,温哥华,Vancouver,2016,4.7488,9,9,ACAG SatPM2.5,V6.GL.03,mean of finite cells in 3x3 0.1-degree window
Vancouver,温哥华,Vancouver,2017,7.1369,9,9,ACAG SatPM2.5,V6.GL.03,mean of finite cells in 3x3 0.1-degree window
Vancouver,温哥华,Vancouver,2018,6.3994,9,9,ACAG SatPM2.5,V6.GL.03,mean of finite cells in 3x3 0.1-degree window
Vancouver,温哥华,Vancouver,2019,4.9272,9,9,ACAG SatPM2.5,V6.GL.03,mean of finite cells in 3x3 0.1-degree window
Vancouver,温哥华,Vancouver,2020,5.7209,9,9,ACAG SatPM2.5,V6.GL.03,mean of finite cells in 3x3 0.1-degree window
Vancouver,温哥华,Vancouver,2021,4.778,9,9,ACAG SatPM2.5,V6.GL.03,mean of finite cells in 3x3 0.1-degree window
Vancouver,温哥华,Vancouver,2022,5.6615,9,9,ACAG SatPM2.5,V6.GL.03,mean of finite cells in 3x3 0.1-degree window
Vancouver,温哥华,Vancouver,2023,5.5195,9,9,ACAG SatPM2.5,V6.GL.03,mean of finite cells in 3x3 0.1-degree window
Vancouver,温哥华,Vancouver,2024,5.2923,9,9,ACAG SatPM2.5,V6.GL.03,mean of finite cells in 3x3 0.1-degree window
Wenzhou,温州,Wenzhou,2015,36.5536,9,9,ACAG SatPM2.5,V6.GL.03,mean of finite cells in 3x3 0.1-degree window
Wenzhou,温州,Wenzhou,2016,33.0732,9,9,ACAG SatPM2.5,V6.GL.03,mean of finite cells in 3x3 0.1-degree window
Wenzhou,温州,Wenzhou,2017,32.7149,9,9,ACAG SatPM2.5,V6.GL.03,mean of finite cells in 3x3 0.1-degree window
Wenzhou,温州,Wenzhou,2018,28.1546,9,9,ACAG SatPM2.5,V6.GL.03,mean of finite cells in 3x3 0.1-degree window
Wenzhou,温州,Wenzhou,2019,26.9157,9,9,ACAG SatPM2.5,V6.GL.03,mean of finite cells in 3x3 0.1-degree window
Wenzhou,温州,Wenzhou,2020,23.6849,9,9,ACAG SatPM2.5,V6.GL.03,mean of finite cells in 3x3 0.1-degree window
Wenzhou,温州,Wenzhou,2021,23.9575,9,9,ACAG SatPM2.5,V6.GL.03,mean of finite cells in 3x3 0.1-degree window
Wenzhou,温州,Wenzhou,2022,23.3786,9,9,ACAG SatPM2.5,V6.GL.03,mean of finite cells in 3x3 0.1-degree window
Wenzhou,温州,Wenzhou,2023,24.4635,9,9,ACAG SatPM2.5,V6.GL.03,mean of finite cells in 3x3 0.1-degree window
Wenzhou,温州,Wenzhou,2024,25.3216,9,9,ACAG SatPM2.5,V6.GL.03,mean of finite cells in 3x3 0.1-degree window
Wuhan,武汉,Wuhan,2015,67.1345,9,9,ACAG SatPM2.5,V6.GL.03,mean of finite cells in 3x3 0.1-degree window
Wuhan,武汉,Wuhan,2016,55.2114,9,9,ACAG SatPM2.5,V6.GL.03,mean of finite cells in 3x3 0.1-degree window
Wuhan,武汉,Wuhan,2017,53.8339,9,9,ACAG SatPM2.5,V6.GL.03,mean of finite cells in 3x3 0.1-degree window
Wuhan,武汉,Wuhan,2018,47.6402,9,9,ACAG SatPM2.5,V6.GL.03,mean of finite cells in 3x3 0.1-degree window
Wuhan,武汉,Wuhan,2019,46.052,9,9,ACAG SatPM2.5,V6.GL.03,mean of finite cells in 3x3 0.1-degree window
Wuhan,武汉,Wuhan,2020,40.286,9,9,ACAG SatPM2.5,V6.GL.03,mean of finite cells in 3x3 0.1-degree window
Wuhan,武汉,Wuhan,2021,39.0892,9,9,ACAG SatPM2.5,V6.GL.03,mean of finite cells in 3x3 0.1-degree window
Wuhan,武汉,Wuhan,2022,40.8924,9,9,ACAG SatPM2.5,V6.GL.03,mean of finite cells in 3x3 0.1-degree window
Wuhan,武汉,Wuhan,2023,43.1181,9,9,ACAG SatPM2.5,V6.GL.03,mean of finite cells in 3x3 0.1-degree window
Wuhan,武汉,Wuhan,2024,41.7869,9,9,ACAG SatPM2.5,V6.GL.03,mean of finite cells in 3x3 0.1-degree window
Xiamen,厦门,Xiamen,2015,34.3954,9,9,ACAG SatPM2.5,V6.GL.03,mean of finite cells in 3x3 0.1-degree window
Xiamen,厦门,Xiamen,2016,33.4744,9,9,ACAG SatPM2.5,V6.GL.03,mean of finite cells in 3x3 0.1-degree window
Xiamen,厦门,Xiamen,2017,30.6413,9,9,ACAG SatPM2.5,V6.GL.03,mean of finite cells in 3x3 0.1-degree window
Xiamen,厦门,Xiamen,2018,29.0171,9,9,ACAG SatPM2.5,V6.GL.03,mean of finite cells in 3x3 0.1-degree window
Xiamen,厦门,Xiamen,2019,27.5059,9,9,ACAG SatPM2.5,V6.GL.03,mean of finite cells in 3x3 0.1-degree window
Xiamen,厦门,Xiamen,2020,23.267,9,9,ACAG SatPM2.5,V6.GL.03,mean of finite cells in 3x3 0.1-degree window
Xiamen,厦门,Xiamen,2021,25.288,9,9,ACAG SatPM2.5,V6.GL.03,mean of finite cells in 3x3 0.1-degree window
Xiamen,厦门,Xiamen,2022,22.6087,9,9,ACAG SatPM2.5,V6.GL.03,mean of finite cells in 3x3 0.1-degree window
Xiamen,厦门,Xiamen,2023,25.6383,9,9,ACAG SatPM2.5,V6.GL.03,mean of finite cells in 3x3 0.1-degree window
Xiamen,厦门,Xiamen,2024,24.3174,9,9,ACAG SatPM2.5,V6.GL.03,mean of finite cells in 3x3 0.1-degree window
Xian,西安,Xian,2015,61.6981,9,9,ACAG SatPM2.5,V6.GL.03,mean of finite cells in 3x3 0.1-degree window
Xian,西安,Xian,2016,71.1975,9,9,ACAG SatPM2.5,V6.GL.03,mean of finite cells in 3x3 0.1-degree window
Xian,西安,Xian,2017,71.3315,9,9,ACAG SatPM2.5,V6.GL.03,mean of finite cells in 3x3 0.1-degree window
Xian,西安,Xian,2018,60.0214,9,9,ACAG SatPM2.5,V6.GL.03,mean of finite cells in 3x3 0.1-degree window
Xian,西安,Xian,2019,60.7325,9,9,ACAG SatPM2.5,V6.GL.03,mean of finite cells in 3x3 0.1-degree window
Xian,西安,Xian,2020,54.0489,9,9,ACAG SatPM2.5,V6.GL.03,mean of finite cells in 3x3 0.1-degree window
Xian,西安,Xian,2021,46.0096,9,9,ACAG SatPM2.5,V6.GL.03,mean of finite cells in 3x3 0.1-degree window
Xian,西安,Xian,2022,56.5054,9,9,ACAG SatPM2.5,V6.GL.03,mean of finite cells in 3x3 0.1-degree window
Xian,西安,Xian,2023,53.435,9,9,ACAG SatPM2.5,V6.GL.03,mean of finite cells in 3x3 0.1-degree window
Xian,西安,Xian,2024,50.5913,9,9,ACAG SatPM2.5,V6.GL.03,mean of finite cells in 3x3 0.1-degree window
Xining,西宁,Xining,2015,43.5776,9,9,ACAG SatPM2.5,V6.GL.03,mean of finite cells in 3x3 0.1-degree window
Xining,西宁,Xining,2016,41.8816,9,9,ACAG SatPM2.5,V6.GL.03,mean of finite cells in 3x3 0.1-degree window
Xining,西宁,Xining,2017,35.2017,9,9,ACAG SatPM2.5,V6.GL.03,mean of finite cells in 3x3 0.1-degree window
Xining,西宁,Xining,2018,37.9286,9,9,ACAG SatPM2.5,V6.GL.03,mean of finite cells in 3x3 0.1-degree window
Xining,西宁,Xining,2019,28.591,9,9,ACAG SatPM2.5,V6.GL.03,mean of finite cells in 3x3 0.1-degree window
Xining,西宁,Xining,2020,28.2342,9,9,ACAG SatPM2.5,V6.GL.03,mean of finite cells in 3x3 0.1-degree window
Xining,西宁,Xining,2021,29.5132,9,9,ACAG SatPM2.5,V6.GL.03,mean of finite cells in 3x3 0.1-degree window
Xining,西宁,Xining,2022,35.934,9,9,ACAG SatPM2.5,V6.GL.03,mean of finite cells in 3x3 0.1-degree window
Xining,西宁,Xining,2023,37.4728,9,9,ACAG SatPM2.5,V6.GL.03,mean of finite cells in 3x3 0.1-degree window
Xining,西宁,Xining,2024,36.934,9,9,ACAG SatPM2.5,V6.GL.03,mean of finite cells in 3x3 0.1-degree window
Yinchuan,银川,Yinchuan,2015,43.9354,9,9,ACAG SatPM2.5,V6.GL.03,mean of finite cells in 3x3 0.1-degree window
Yinchuan,银川,Yinchuan,2016,43.2696,9,9,ACAG SatPM2.5,V6.GL.03,mean of finite cells in 3x3 0.1-degree window
Yinchuan,银川,Yinchuan,2017,42.4856,9,9,ACAG SatPM2.5,V6.GL.03,mean of finite cells in 3x3 0.1-degree window
Yinchuan,银川,Yinchuan,2018,37.1928,9,9,ACAG SatPM2.5,V6.GL.03,mean of finite cells in 3x3 0.1-degree window
Yinchuan,银川,Yinchuan,2019,33.5285,9,9,ACAG SatPM2.5,V6.GL.03,mean of finite cells in 3x3 0.1-degree window
Yinchuan,银川,Yinchuan,2020,37.5381,9,9,ACAG SatPM2.5,V6.GL.03,mean of finite cells in 3x3 0.1-degree window
Yinchuan,银川,Yinchuan,2021,33.688,9,9,ACAG SatPM2.5,V6.GL.03,mean of finite cells in 3x3 0.1-degree window
Yinchuan,银川,Yinchuan,2022,43.4945,9,9,ACAG SatPM2.5,V6.GL.03,mean of finite cells in 3x3 0.1-degree window
Yinchuan,银川,Yinchuan,2023,41.4974,9,9,ACAG SatPM2.5,V6.GL.03,mean of finite cells in 3x3 0.1-degree window
Yinchuan,银川,Yinchuan,2024,41.439,9,9,ACAG SatPM2.5,V6.GL.03,mean of finite cells in 3x3 0.1-degree window
Zhengzhou,郑州,Zhengzhou,2015,85.6983,9,9,ACAG SatPM2.5,V6.GL.03,mean of finite cells in 3x3 0.1-degree window
Zhengzhou,郑州,Zhengzhou,2016,73.5612,9,9,ACAG SatPM2.5,V6.GL.03,mean of finite cells in 3x3 0.1-degree window
Zhengzhou,郑州,Zhengzhou,2017,67.6506,9,9,ACAG SatPM2.5,V6.GL.03,mean of finite cells in 3x3 0.1-degree window
Zhengzhou,郑州,Zhengzhou,2018,62.6189,9,9,ACAG SatPM2.5,V6.GL.03,mean of finite cells in 3x3 0.1-degree window
Zhengzhou,郑州,Zhengzhou,2019,61.9669,9,9,ACAG SatPM2.5,V6.GL.03,mean of finite cells in 3x3 0.1-degree window
Zhengzhou,郑州,Zhengzhou,2020,55.3054,9,9,ACAG SatPM2.5,V6.GL.03,mean of finite cells in 3x3 0.1-degree window
Zhengzhou,郑州,Zhengzhou,2021,46.8296,9,9,ACAG SatPM2.5,V6.GL.03,mean of finite cells in 3x3 0.1-degree window
Zhengzhou,郑州,Zhengzhou,2022,51.5227,9,9,ACAG SatPM2.5,V6.GL.03,mean of finite cells in 3x3 0.1-degree window
Zhengzhou,郑州,Zhengzhou,2023,48.6287,9,9,ACAG SatPM2.5,V6.GL.03,mean of finite cells in 3x3 0.1-degree window
Zhengzhou,郑州,Zhengzhou,2024,48.1114,9,9,ACAG SatPM2.5,V6.GL.03,mean of finite cells in 3x3 0.1-degree window
Zhuhai,珠海,Zhuhai,2015,29.5776,9,9,ACAG SatPM2.5,V6.GL.03,mean of finite cells in 3x3 0.1-degree window
Zhuhai,珠海,Zhuhai,2016,25.8786,9,9,ACAG SatPM2.5,V6.GL.03,mean of finite cells in 3x3 0.1-degree window
Zhuhai,珠海,Zhuhai,2017,27.588,9,9,ACAG SatPM2.5,V6.GL.03,mean of finite cells in 3x3 0.1-degree window
Zhuhai,珠海,Zhuhai,2018,26.2092,9,9,ACAG SatPM2.5,V6.GL.03,mean of finite cells in 3x3 0.1-degree window
Zhuhai,珠海,Zhuhai,2019,25.3007,9,9,ACAG SatPM2.5,V6.GL.03,mean of finite cells in 3x3 0.1-degree window
Zhuhai,珠海,Zhuhai,2020,19.5859,9,9,ACAG SatPM2.5,V6.GL.03,mean of finite cells in 3x3 0.1-degree window
Zhuhai,珠海,Zhuhai,2021,19.1175,9,9,ACAG SatPM2.5,V6.GL.03,mean of finite cells in 3x3 0.1-degree window
Zhuhai,珠海,Zhuhai,2022,19.7447,9,9,ACAG SatPM2.5,V6.GL.03,mean of finite cells in 3x3 0.1-degree window
Zhuhai,珠海,Zhuhai,2023,19.2307,9,9,ACAG SatPM2.5,V6.GL.03,mean of finite cells in 3x3 0.1-degree window
Zhuhai,珠海,Zhuhai,2024,19.0961,9,9,ACAG SatPM2.5,V6.GL.03,mean of finite cells in 3x3 0.1-degree window
Zurich,苏黎世,Zurich,2015,12.6053,9,9,ACAG SatPM2.5,V6.GL.03,mean of finite cells in 3x3 0.1-degree window
Zurich,苏黎世,Zurich,2016,11.396,9,9,ACAG SatPM2.5,V6.GL.03,mean of finite cells in 3x3 0.1-degree window
Zurich,苏黎世,Zurich,2017,10.7567,9,9,ACAG SatPM2.5,V6.GL.03,mean of finite cells in 3x3 0.1-degree window
Zurich,苏黎世,Zurich,2018,10.8249,9,9,ACAG SatPM2.5,V6.GL.03,mean of finite cells in 3x3 0.1-degree window
Zurich,苏黎世,Zurich,2019,9.8461,9,9,ACAG SatPM2.5,V6.GL.03,mean of finite cells in 3x3 0.1-degree window
Zurich,苏黎世,Zurich,2020,9.1374,9,9,ACAG SatPM2.5,V6.GL.03,mean of finite cells in 3x3 0.1-degree window
Zurich,苏黎世,Zurich,2021,8.9878,9,9,ACAG SatPM2.5,V6.GL.03,mean of finite cells in 3x3 0.1-degree window
Zurich,苏黎世,Zurich,2022,9.2942,9,9,ACAG SatPM2.5,V6.GL.03,mean of finite cells in 3x3 0.1-degree window
Zurich,苏黎世,Zurich,2023,8.8766,9,9,ACAG SatPM2.5,V6.GL.03,mean of finite cells in 3x3 0.1-degree window
Zurich,苏黎世,Zurich,2024,9.3056,9,9,ACAG SatPM2.5,V6.GL.03,mean of finite cells in 3x3 0.1-degree window
